"";"logFC";"AveExpr";"t";"P.Value";"adj.P.Val";"B";"VIP";"external_geneid";"description"
"ENSG00000282928";-0,128913194426483;5,45575786087915;-4,8210915222475;6,05661595859371e-05;0,0383339688466468;1,80733096198112;1,05808596705628;"ENSG00000282928";NA
"ENSG00000181781";-0,131920968479906;6,02397796145965;-4,74059680447917;7,45514542867678e-05;0,0383339688466468;1,62325572603938;1,04312488247158;"ODF3L2";"outer dense fiber of sperm tails 3 like 2 [Source:HGNC Symbol;Acc:HGNC:26841]"
"ENSG00000133619";-0,120470129654739;6,37540315016365;-4,67892595195291;8,7418989951502e-05;0,0383339688466468;1,4820949347915;1,44649105352327;"KRBA1";"KRAB-A domain containing 1 [Source:HGNC Symbol;Acc:HGNC:22228]"
"ENSG00000145214";-0,136610925018777;6,18243972732573;-4,64790140910556;9,47101829681336e-05;0,0383339688466468;1,4110481258385;1,81044362013083;"DGKQ";"diacylglycerol kinase theta [Source:HGNC Symbol;Acc:HGNC:2856]"
"ENSG00000144224";0,182111157482518;7,56570342688251;4,54151104847496;0,000124652584592034;0,0383339688466468;1,16730097720651;1,20211859254687;"UBXN4";"UBX domain protein 4 [Source:HGNC Symbol;Acc:HGNC:14860]"
"ENSG00000075399";-0,163565623476107;5,76584450684537;-4,530739797139;0,000128167657267317;0,0383339688466468;1,14261768564912;1,32287316253759;"VPS9D1";"VPS9 domain containing 1 [Source:HGNC Symbol;Acc:HGNC:13526]"
"ENSG00000134371";0,152918359757557;6,08871087218755;4,51382804952197;0,000133887335098497;0,0383339688466468;1,10386214468059;1,27998836402469;"CDC73";"cell division cycle 73 [Source:HGNC Symbol;Acc:HGNC:16783]"
"ENSG00000184207";-0,151507248605794;6,08313526446387;-4,50840829432563;0,000135773710862952;0,0383339688466468;1,09144194191296;1,18208975848047;"PGP";"phosphoglycolate phosphatase [Source:HGNC Symbol;Acc:HGNC:8909]"
"ENSG00000146282";0,192665291554157;6,41619786361667;4,43670517317531;0,000163374763296395;0,0383339688466468;0,927129962036131;1,32328424514052;"RARS2";"arginyl-tRNA synthetase 2, mitochondrial [Source:HGNC Symbol;Acc:HGNC:21406]"
"ENSG00000171940";0,200314081769848;6,74490528432158;4,42769804174133;0,00016721597906749;0,0383339688466468;0,906491886407004;1,11383553708688;"ZNF217";"zinc finger protein 217 [Source:HGNC Symbol;Acc:HGNC:13009]"
"ENSG00000130635";-0,139824333600846;6,57292309516597;-4,40984872548821;0,0001750959973834;0,0383339688466468;0,865596280738791;1,20093567242968;"COL5A1";"collagen type V alpha 1 chain [Source:HGNC Symbol;Acc:HGNC:2209]"
"ENSG00000196976";-0,148595465533006;6,8328208478253;-4,40290405000741;0,000178260930791896;0,0383339688466468;0,849686001575867;1,10075636296171;"LAGE3";"L antigen family member 3 [Source:HGNC Symbol;Acc:HGNC:26058]"
"ENSG00000152700";0,234017106244435;6,62128712616447;4,37216539856515;0,000192968045307442;0,0383339688466468;0,77927234023323;1,48828990625891;"SAR1B";"secretion associated Ras related GTPase 1B [Source:HGNC Symbol;Acc:HGNC:10535]"
"ENSG00000124789";0,222920845391934;7,49780691635469;4,33992844998089;0,000209691158678638;0,0383339688466468;0,705445141034147;1,2455278319323;"NUP153";"nucleoporin 153 [Source:HGNC Symbol;Acc:HGNC:8062]"
"ENSG00000124920";-0,126686664329432;5,59128957013447;-4,33064692845491;0,00021476806288945;0,0383339688466468;0,684193343776577;1,35512180428084;"MYRF";"myelin regulatory factor [Source:HGNC Symbol;Acc:HGNC:1181]"
"ENSG00000008710";-0,180377750166681;6,94089577296178;-4,29831129713533;0,000233429377642916;0,0383339688466468;0,610171922285448;1,03144063087206;"PKD1";"polycystin 1, transient receptor potential channel interacting [Source:HGNC Symbol;Acc:HGNC:9008]"
"ENSG00000120253";0,177114329577091;5,70226733298682;4,26746700804521;0,000252729784849081;0,0383339688466468;0,539592697618373;1,33490984905165;"NUP43";"nucleoporin 43 [Source:HGNC Symbol;Acc:HGNC:21182]"
"ENSG00000108651";0,134047115440059;5,6997340049694;4,25869746344784;0,000258501182907111;0,0383339688466468;0,519531515014388;1,35981815214651;"UTP6";"UTP6 small subunit processome component [Source:HGNC Symbol;Acc:HGNC:18279]"
"ENSG00000119812";0,194853944737922;6,5779076576654;4,19880804823456;0,000301571760503156;0,0383339688466468;0,382606139391462;1,05001449135576;"FAM98A";"family with sequence similarity 98 member A [Source:HGNC Symbol;Acc:HGNC:24520]"
"ENSG00000152520";0,201662053084394;6,46083852269563;4,16615258278981;0,000327983226825887;0,0383339688466468;0,30801069034356;1,53166732769606;"PAN3";"poly(A) specific ribonuclease subunit PAN3 [Source:HGNC Symbol;Acc:HGNC:29991]"
"ENSG00000135597";0,152230296785859;6,13904690442223;4,16293089034078;0,000330710069645318;0,0383339688466468;0,300654092904004;1,29635710653805;"REPS1";"RALBP1 associated Eps domain containing 1 [Source:HGNC Symbol;Acc:HGNC:15578]"
"ENSG00000141627";0,234166557969411;6,45098355164361;4,15492584785186;0,000337583253064441;0,0383339688466468;0,282377178659258;1,54754708849151;"DYM";"dymeclin [Source:HGNC Symbol;Acc:HGNC:21317]"
"ENSG00000215375";-0,122391001009789;6,16124597991178;-4,12252750560165;0,000366876972951286;0,0383339688466468;0,208440527488986;1,31545929714196;"MYL5";"myosin light chain 5 [Source:HGNC Symbol;Acc:HGNC:7586]"
"ENSG00000167880";-0,121946176979155;6,36136225693942;-4,11668370430439;0,000372422726065254;0,0383339688466468;0,195110476323628;1,50279355292189;"EVPL";"envoplakin [Source:HGNC Symbol;Acc:HGNC:3503]"
"ENSG00000183431";0,149641923817026;5,88126370942882;4,11291191997246;0,000376046155436595;0,0383339688466468;0,186507857496479;1,05229439393425;"SF3A3";"splicing factor 3a subunit 3 [Source:HGNC Symbol;Acc:HGNC:10767]"
"ENSG00000167311";-0,123418249368624;5,89201630792884;-4,10965690265914;0,000379201200776349;0,0383339688466468;0,179084536244141;1,13956168076319;"ART5";"ADP-ribosyltransferase 5 [Source:HGNC Symbol;Acc:HGNC:24049]"
"ENSG00000090539";-0,111410340375255;5,96053309823272;-4,10471023988857;0,000384046201804979;0,0383339688466468;0,167804477423195;1,20303292173498;"CHRD";"chordin [Source:HGNC Symbol;Acc:HGNC:1949]"
"ENSG00000149531";0,175119751567192;5,79871209282598;4,08567641873724;0,0004032673611655;0,0383339688466468;0,124414701227472;1,17450079961837;"FRG1BP";"FSHD region gene 1 family member B, pseudogene [Source:HGNC Symbol;Acc:HGNC:15792]"
"ENSG00000243710";-0,125051534474545;3,80219731665188;-4,0767547055677;0,000412601771417987;0,0383339688466468;0,104084375684836;1,00928646086804;"CFAP57";"cilia and flagella associated protein 57 [Source:HGNC Symbol;Acc:HGNC:26485]"
"ENSG00000117016";-0,137922449304708;5,8814275816083;-4,07505091218416;0,000414408546260865;0,0383339688466468;0,100202438780328;1,09801862036061;"RIMS3";"regulating synaptic membrane exocytosis 3 [Source:HGNC Symbol;Acc:HGNC:21292]"
"ENSG00000175352";-0,137342129677214;3,51814706309172;-4,06423314151718;0,000426064248238038;0,0383339688466468;0,0755595380316088;1,44748113362171;"NRIP3";"nuclear receptor interacting protein 3 [Source:HGNC Symbol;Acc:HGNC:1167]"
"ENSG00000266041";-0,181557401199148;8,54223063329906;-4,05893165174669;0,000431894247418617;0,0383339688466468;0,0634855516923194;1,21810406001241;"MIR4690";"microRNA 4690 [Source:HGNC Symbol;Acc:HGNC:41707]"
"ENSG00000146670";-0,213963870760141;6,29374410174864;-4,05804268199988;0,000432879536801768;0,0383339688466468;0,0614611333728945;1,33613021771911;"CDCA5";"cell division cycle associated 5 [Source:HGNC Symbol;Acc:HGNC:14626]"
"ENSG00000108405";-0,131954943246658;4,9757491180359;-4,05207329911857;0,000439553546513936;0,0383339688466468;0,0478686588684409;1,27594870476228;"P2RX1";"purinergic receptor P2X 1 [Source:HGNC Symbol;Acc:HGNC:8533]"
"ENSG00000055917";0,225318969529927;7,22480709098563;4,05136047;0,000440357290641664;0,0383339688466468;0,0462456862390681;1,41743489488565;"PUM2";"pumilio RNA binding family member 2 [Source:HGNC Symbol;Acc:HGNC:14958]"
"ENSG00000205593";-0,128502967534581;5,93038030362471;-4,0458954903015;0,000446567768452968;0,0383339688466468;0,0338041545050327;1,01052015654159;"DENND6B";"DENN domain containing 6B [Source:HGNC Symbol;Acc:HGNC:32690]"
"ENSG00000086232";0,237378058606873;7,11811058570176;4,03691570509367;0,000456961167861341;0,0383339688466468;0,013365352534942;1,13589203066283;"EIF2AK1";"eukaryotic translation initiation factor 2 alpha kinase 1 [Source:HGNC Symbol;Acc:HGNC:24921]"
"ENSG00000213088";-0,171833432481376;4,51375816232716;-4,02955175191902;0,000465662598292727;0,0383339688466468;-0,00339141101158003;1,33848887097754;"ACKR1";"atypical chemokine receptor 1 (Duffy blood group) [Source:HGNC Symbol;Acc:HGNC:4035]"
"ENSG00000196739";-0,110925152431315;6,35767636179329;-4,01443454795409;0,000484042026545293;0,0383339688466468;-0,0377784586978018;1,33766096941602;"COL27A1";"collagen type XXVII alpha 1 chain [Source:HGNC Symbol;Acc:HGNC:22986]"
"ENSG00000165416";0,197021093705757;6,46631702310973;3,99736651048735;0,000505656036674972;0,0383339688466468;-0,0765825052352733;1,21024689865136;"SUGT1";"SGT1 homolog, MIS12 kinetochore complex assembly cochaperone [Source:HGNC Symbol;Acc:HGNC:16987]"
"ENSG00000204278";-0,144305010836261;5,57172567092405;-3,99542530414508;0,000508173878248523;0,0383339688466468;-0,0809944052630112;1,08111624537587;"TMEM235";"transmembrane protein 235 [Source:HGNC Symbol;Acc:HGNC:27563]"
"ENSG00000183828";-0,166779133816746;6,20463227629036;-3,99411455826366;0,000509880982335089;0,0383339688466468;-0,0839732525122141;1,8258259071338;"NUDT14";"nudix hydrolase 14 [Source:HGNC Symbol;Acc:HGNC:20141]"
"ENSG00000223718";0,204915347901937;4,61290570178062;3,98954053017274;0,000515882655194352;0,0383339688466468;-0,0943672942102456;1,27894591415818;"";"ribosomal protein L15 (RPL15) pseudogene"
"ENSG00000273936";-0,115097669715989;6,30149934732227;-3,98589433344532;0,000520716842527514;0,0383339688466468;-0,102651744050824;1,28965175629652;"ENSG00000273936";NA
"ENSG00000172482";-0,130550858584307;5,92220993776352;-3,96269680124632;0,000552537376112915;0,0383339688466468;-0,15533322271351;1,39870121056057;"AGXT";"alanine--glyoxylate and serine--pyruvate aminotransferase [Source:HGNC Symbol;Acc:HGNC:341]"
"ENSG00000166669";0,172385081435472;4,36357051476541;3,9479234901238;0,000573794992047061;0,0383339688466468;-0,18885998260259;1,0052748061349;"ATF7IP2";"activating transcription factor 7 interacting protein 2 [Source:HGNC Symbol;Acc:HGNC:20397]"
"ENSG00000212123";-0,14727263663959;5,68033220304921;-3,94012067643164;0,000585346290488617;0,0383339688466468;-0,20656022515045;1,12643548213447;"PRR22";"proline rich 22 [Source:HGNC Symbol;Acc:HGNC:28354]"
"ENSG00000137101";-0,115278092185743;5,03387559260934;-3,93255290737825;0,000596768704491427;0,0383339688466468;-0,22372217761099;1,97173064982049;"CD72";"CD72 molecule [Source:HGNC Symbol;Acc:HGNC:1696]"
"ENSG00000106610";0,194551272715611;4,69965630196902;3,93130951283248;0,000598666338913508;0,0383339688466468;-0,226541423071204;1,70046710632352;"STAG3L4";"stromal antigen 3-like 4 (pseudogene) [Source:HGNC Symbol;Acc:HGNC:33887]"
"ENSG00000143458";0,118113481768551;5,06293493840239;3,9306778134193;0,000599632700093209;0,0383339688466468;-0,227973671532378;1,1011817757549;"GABPB2";"GA binding protein transcription factor subunit beta 2 [Source:HGNC Symbol;Acc:HGNC:28441]"
"ENSG00000204370";0,196897462498866;6,78272856985853;3,93041364397552;0,000600037277383434;0,0383339688466468;-0,228572610814211;1,0188443428597;"SDHD";"succinate dehydrogenase complex subunit D [Source:HGNC Symbol;Acc:HGNC:10683]"
"ENSG00000084636";-0,103274947477469;6,20800668483549;-3,92954026544145;0,000601376780171777;0,0383339688466468;-0,230552737478229;1,29966719413917;"COL16A1";"collagen type XVI alpha 1 chain [Source:HGNC Symbol;Acc:HGNC:2193]"
"ENSG00000115596";-0,13652021362294;7,09453442667491;-3,92310997671577;0,0006113301448789;0,0383339688466468;-0,245129395378039;1,17374079268161;"WNT6";"Wnt family member 6 [Source:HGNC Symbol;Acc:HGNC:12785]"
"ENSG00000063176";-0,108682161720368;6,3997402785701;-3,91614239131199;0,000622298626610563;0,0383339688466468;-0,260919796076948;1,10917421790782;"SPHK2";"sphingosine kinase 2 [Source:HGNC Symbol;Acc:HGNC:18859]"
"ENSG00000276920";-0,119990099703881;6,47615409693267;-3,9156027514633;0,000623156188324325;0,0383339688466468;-0,262142577660848;1,44067430204041;"ENSG00000276920";NA
"ENSG00000167508";-0,11429627812153;5,979930216988;-3,90574188220298;0,000639033229017128;0,0383339688466468;-0,284481777746919;1,13676617912885;"MVD";"mevalonate diphosphate decarboxylase [Source:HGNC Symbol;Acc:HGNC:7529]"
"ENSG00000093072";-0,129869412300205;4,72497779599311;-3,88496410167401;0,000673804397026248;0,0383339688466468;-0,331522450662901;1,16884233837374;"ADA2";"adenosine deaminase 2 [Source:HGNC Symbol;Acc:HGNC:1839]"
"ENSG00000169902";-0,136252147732017;5,51092258485665;-3,87326446483135;0,000694197100144342;0,0383339688466468;-0,35799183150632;1,28932433712193;"TPST1";"tyrosylprotein sulfotransferase 1 [Source:HGNC Symbol;Acc:HGNC:12020]"
"ENSG00000171700";-0,178275712260499;7,43821258557246;-3,86632954814823;0,000706570529211542;0,0383339688466468;-0,373675021229194;1,28147369510519;"RGS19";"regulator of G protein signaling 19 [Source:HGNC Symbol;Acc:HGNC:13735]"
"ENSG00000230724";0,361243863654684;7,46591919581818;3,86506131866924;0,000708856709722492;0,0383339688466468;-0,376542574763472;1,32647325985111;"LINC01001";"long intergenic non-protein coding RNA 1001 [Source:HGNC Symbol;Acc:HGNC:38540]"
"ENSG00000174720";0,201977794861266;5,51278161588271;3,862300232838;0,000713859219654022;0,0383339688466468;-0,382785013684474;1,49958989848431;"LARP7";"La ribonucleoprotein 7, transcriptional regulator [Source:HGNC Symbol;Acc:HGNC:24912]"
"ENSG00000171402";0,284363921731375;8,51785861895241;3,85210857497141;0,000732627168086498;0,0383339688466468;-0,405820203099188;1,00164146963705;"XAGE3";"X antigen family member 3 [Source:HGNC Symbol;Acc:HGNC:14618]"
"ENSG00000020633";-0,11776133272768;5,8043663405877;-3,84681576517738;0,000742564683846475;0,0383339688466468;-0,417778770421558;1,04746514757248;"RUNX3";"RUNX family transcription factor 3 [Source:HGNC Symbol;Acc:HGNC:10473]"
"ENSG00000127415";-0,114738982043327;6,4696498061239;-3,84023574184044;0,000755104177587103;0,0383339688466468;-0,432641567509676;1,0671041581671;"IDUA";"alpha-L-iduronidase [Source:HGNC Symbol;Acc:HGNC:5391]"
"ENSG00000135341";0,228096647069022;6,55454367371096;3,83580528268956;0,000763664430893366;0,0383339688466468;-0,442646397001549;1,39857376307988;"MAP3K7";"mitogen-activated protein kinase kinase kinase 7 [Source:HGNC Symbol;Acc:HGNC:6859]"
"ENSG00000090006";-0,136960930636787;6,34492661858734;-3,83107932705269;0,000772900895484437;0,0383339688466468;-0,453316200788275;1,02035200162421;"LTBP4";"latent transforming growth factor beta binding protein 4 [Source:HGNC Symbol;Acc:HGNC:6717]"
"ENSG00000196792";0,171538424009986;6,44553725872976;3,82764889804591;0,000779674134462357;0,0383339688466468;-0,461059583305574;1,11362461712869;"STRN3";"striatin 3 [Source:HGNC Symbol;Acc:HGNC:15720]"
"ENSG00000135870";0,196407746298922;5,87185224638659;3,82631062831169;0,000782332298326737;0,0383339688466468;-0,464080065224861;1,24866678326674;"RC3H1";"ring finger and CCCH-type domains 1 [Source:HGNC Symbol;Acc:HGNC:29434]"
"ENSG00000135127";-0,110190551912502;5,46758758988479;-3,82419180850095;0,000786559088423525;0,0383339688466468;-0,468861854524357;1,36227648602094;"BICDL1";"BICD family like cargo adaptor 1 [Source:HGNC Symbol;Acc:HGNC:28095]"
"ENSG00000049883";-0,217037120056722;3,48711502715609;-3,81713485931966;0,000800799510028971;0,0383339688466468;-0,484784557397068;1,13570127643467;"PTCD2";"pentatricopeptide repeat domain 2 [Source:HGNC Symbol;Acc:HGNC:25734]"
"ENSG00000220201";-0,120168452448668;6,09151477244127;-3,80863995811284;0,000818278275613006;0,0383339688466468;-0,503944432404287;1,2900347703122;"ZGLP1";"zinc finger GATA like protein 1 [Source:HGNC Symbol;Acc:HGNC:37245]"
"ENSG00000143612";0,202646796431814;7,31456911695448;3,80851375002744;0,000818540764368225;0,0383339688466468;-0,504229028503868;1,53431879216476;"C1orf43";"chromosome 1 open reading frame 43 [Source:HGNC Symbol;Acc:HGNC:29876]"
"ENSG00000100804";0,265458423807501;6,63381739928994;3,80649249165171;0,000822755895685016;0,0383339688466468;-0,50878667246701;1,49017839210011;"PSMB5";"proteasome 20S subunit beta 5 [Source:HGNC Symbol;Acc:HGNC:9542]"
"ENSG00000179010";0,194220609564755;7,90463203800066;3,79822595013841;0,000840218200850733;0,0383339688466468;-0,52742172354808;1,54521887051257;"MRFAP1";"Morf4 family associated protein 1 [Source:HGNC Symbol;Acc:HGNC:24549]"
"ENSG00000100003";-0,134272976970606;5,3795960473126;-3,79536419644762;0,000846347890935057;0,0383339688466468;-0,533871090620098;1,84714493077671;"SEC14L2";"SEC14 like lipid binding 2 [Source:HGNC Symbol;Acc:HGNC:10699]"
"ENSG00000143499";0,27660155238429;6,08829561841573;3,79016952544197;0,000857587057607672;0,0383339688466468;-0,545575616268254;1,29656501551745;"SMYD2";"SET and MYND domain containing 2 [Source:HGNC Symbol;Acc:HGNC:20982]"
"ENSG00000105509";-0,13717844983489;6,27578968526602;-3,78804202540312;0,00086223233635824;0,0383339688466468;-0,55036835677399;1,17420632818862;"HAS1";"hyaluronan synthase 1 [Source:HGNC Symbol;Acc:HGNC:4818]"
"ENSG00000145348";0,161273868095352;5,47633591943778;3,78471115526099;0,00086955481957412;0,0383339688466468;-0,557870942530021;1,10532676454894;"TBCK";"TBC1 domain containing kinase [Source:HGNC Symbol;Acc:HGNC:28261]"
"ENSG00000111596";0,182254574279868;6,69962749824763;3,78464734997575;0,000869695682054338;0,0383339688466468;-0,558014647510149;1,50151702690064;"CNOT2";"CCR4-NOT transcription complex subunit 2 [Source:HGNC Symbol;Acc:HGNC:7878]"
"ENSG00000129315";0,192236241894581;6,48283863485285;3,78217814885447;0,000875164179669454;0,0383339688466468;-0,563575522155267;1,18416030081085;"CCNT1";"cyclin T1 [Source:HGNC Symbol;Acc:HGNC:1599]"
"ENSG00000110811";-0,163691366196659;6,15080086530339;-3,78187026649359;0,000875848406366205;0,0383339688466468;-0,56426885236471;1,38825089460874;"P3H3";"prolyl 3-hydroxylase 3 [Source:HGNC Symbol;Acc:HGNC:19318]"
"ENSG00000165655";-0,106269293173804;6,11854750555465;-3,7703183613697;0,000901904300735112;0,0383339688466468;-0,59027488338531;1,67474863227739;"ZNF503";"zinc finger protein 503 [Source:HGNC Symbol;Acc:HGNC:23589]"
"ENSG00000024048";0,158534913235164;5,95663068599542;3,75849902310682;0,000929351293265614;0,0383339688466468;-0,616866473921682;1,23711124418183;"UBR2";"ubiquitin protein ligase E3 component n-recognin 2 [Source:HGNC Symbol;Acc:HGNC:21289]"
"ENSG00000275145";0,17373019770741;6,44612397568315;3,7480988641722;0,000954179963545802;0,0383339688466468;-0,640251090083949;1,01704366847301;"ENSG00000275145";NA
"ENSG00000274671";0,152277702629896;5,76515031582584;3,74493100526382;0,000961871282720544;0,0383339688466468;-0,647371328826521;1,30048491377794;"ENSG00000274671";NA
"ENSG00000163874";-0,167139667595473;6,17558605340561;-3,74356733997766;0,000965200866391912;0,0383339688466468;-0,650435987538511;1,27324142879755;"ZC3H12A";"zinc finger CCCH-type containing 12A [Source:HGNC Symbol;Acc:HGNC:26259]"
"ENSG00000177685";-0,110869185205742;6,47355469821027;-3,74235115595579;0,000968179896621452;0,0383339688466468;-0,653169005982278;1,47403798662864;"CRACR2B";"calcium release activated channel regulator 2B [Source:HGNC Symbol;Acc:HGNC:28703]"
"ENSG00000147140";0,261813771705891;6,93836294282443;3,73783845271529;0,000979312799844918;0,0383339688466468;-0,663308371971886;1,31738187024881;"NONO";"non-POU domain containing octamer binding [Source:HGNC Symbol;Acc:HGNC:7871]"
"ENSG00000125650";-0,154524649124947;5,808046873094;-3,73683667964564;0,00098180117858535;0,0383339688466468;-0,665558858819761;1,23996236670532;"PSPN";"persephin [Source:HGNC Symbol;Acc:HGNC:9579]"
"ENSG00000275555";-0,11970964335493;5,18571689046024;-3,7317917275773;0,000994427332659062;0,0383339688466468;-0,676890437011258;1,22038662103141;"ENSG00000275555";NA
"ENSG00000112081";0,181478867053678;6,95248979988559;3,73042318166015;0,000997879821681838;0,0383339688466468;-0,679963802198194;1,28244128386406;"SRSF3";"serine and arginine rich splicing factor 3 [Source:HGNC Symbol;Acc:HGNC:10785]"
"ENSG00000146463";0,158984933361148;6,00188851123281;3,72877327088748;0,00100205776261558;0,0383339688466468;-0,683668716089887;1,75222731864697;"ZMYM4";"zinc finger MYM-type containing 4 [Source:HGNC Symbol;Acc:HGNC:13055]"
"ENSG00000188747";-0,127812284593563;6,49836143188045;-3,72815693404681;0,00100362286407828;0,0383339688466468;-0,685052626110902;1,20207770064592;"NOXA1";"NADPH oxidase activator 1 [Source:HGNC Symbol;Acc:HGNC:10668]"
"ENSG00000147162";0,16849329492155;6,38280907163305;3,72348911086802;0,00101555427546815;0,0383339688466468;-0,695532082352746;1,11327028398267;"OGT";"O-linked N-acetylglucosamine (GlcNAc) transferase [Source:HGNC Symbol;Acc:HGNC:8127]"
"ENSG00000159593";0,218035703503977;5,70334762286763;3,72170876426426;0,0010201415834809;0,0383339688466468;-0,699528297250336;1,23333698888979;"NAE1";"NEDD8 activating enzyme E1 subunit 1 [Source:HGNC Symbol;Acc:HGNC:621]"
"ENSG00000171224";-0,134473743495662;5,93784748979565;-3,71591376621588;0,00103521441104677;0,0383339688466468;-0,712533073396037;1,21364636858958;"FAM241B";"family with sequence similarity 241 member B [Source:HGNC Symbol;Acc:HGNC:23519]"
"ENSG00000100764";0,162064027168238;7,46628470318559;3,71525055155115;0,00103695330647576;0,0383339688466468;-0,714021140881791;1,39826761298726;"PSMC1";"proteasome 26S subunit, ATPase 1 [Source:HGNC Symbol;Acc:HGNC:9547]"
"ENSG00000157927";-0,102027225630254;6,03468319754035;-3,71290496007084;0,00104312627355333;0,0383339688466468;-0,719283529701117;1,37903438742424;"RADIL";"Rap associating with DIL domain [Source:HGNC Symbol;Acc:HGNC:22226]"
"ENSG00000215912";-0,165192807932244;5,44610678459166;-3,71115412303746;0,00104775748540256;0,0383339688466468;-0,723211104683649;1,76435286552886;"TTC34";"tetratricopeptide repeat domain 34 [Source:HGNC Symbol;Acc:HGNC:34297]"
"ENSG00000031698";0,225750612841059;7,01040798757407;3,70348299722043;0,00106828754958748;0,0385954329308928;-0,740414651599945;1,36236076846328;"SARS1";"seryl-tRNA synthetase 1 [Source:HGNC Symbol;Acc:HGNC:10537]"
"ENSG00000274679";-0,162804925988177;5,70754966343174;-3,69769079213962;0,00108404996662716;0,0387367730447516;-0,753399298933327;1,13581020699974;"ENSG00000274679";NA
"ENSG00000132639";-0,111911378643795;4,39331236558422;-3,69682249039503;0,00108643245894037;0,0387367730447516;-0,755345424431155;1,00502737132884;"SNAP25";"synaptosome associated protein 25 [Source:HGNC Symbol;Acc:HGNC:11132]"
"ENSG00000275565";0,214802126415986;6,52094640505858;3,69204839301173;0,00109962386736766;0,0388697754092448;-0,76604380660927;1,18759009467035;"ENSG00000275565";NA
"ENSG00000136273";0,145967210676108;6,1828313939558;3,68877740471736;0,00110875251010343;0,038916980549858;-0,773372065040852;1,04711231851253;"HUS1";"HUS1 checkpoint clamp component [Source:HGNC Symbol;Acc:HGNC:5309]"
"ENSG00000170185";0,20197590965687;5,13844992401825;3,68166159955849;0,00112886853232047;0,038916980549858;-0,789309159639085;1,27098581692667;"USP38";"ubiquitin specific peptidase 38 [Source:HGNC Symbol;Acc:HGNC:20067]"
"ENSG00000110002";0,247089036522847;6,23847309585985;3,67695897273115;0,00114235844916781;0,038916980549858;-0,799837717402947;1,24279092818448;"VWA5A";"von Willebrand factor A domain containing 5A [Source:HGNC Symbol;Acc:HGNC:6658]"
"ENSG00000128908";0,122391378112096;5,96552994709765;3,67258058954236;0,00115506016108878;0,038916980549858;-0,809637596225788;1,19467874673003;"INO80";"INO80 complex ATPase subunit [Source:HGNC Symbol;Acc:HGNC:26956]"
"ENSG00000157450";0,155688929206455;5,454833590994;3,67200494962152;0,00115674035294734;0,038916980549858;-0,810925819887657;1,18175886409501;"RNF111";"ring finger protein 111 [Source:HGNC Symbol;Acc:HGNC:17384]"
"ENSG00000116039";0,15626160502298;6,52513397961015;3,66670725259969;0,0011723162390929;0,038916980549858;-0,82277936215748;1,2749373062605;"ATP6V1B1";"ATPase H+ transporting V1 subunit B1 [Source:HGNC Symbol;Acc:HGNC:853]"
"ENSG00000166925";-0,113482959229482;6,80434592639038;-3,66360861280047;0,00118152165328338;0,038916980549858;-0,829710718099038;1,41038641890016;"TSC22D4";"TSC22 domain family member 4 [Source:HGNC Symbol;Acc:HGNC:21696]"
"ENSG00000187024";-0,124461289527302;5,86855823510943;-3,66291255664195;0,00118359920897743;0,038916980549858;-0,831267542611943;1,13476255389313;"PTRH1";"peptidyl-tRNA hydrolase 1 homolog [Source:HGNC Symbol;Acc:HGNC:27039]"
"ENSG00000145782";0,215117471994516;6,12353311495037;3,65840090765576;0,00119715238244401;0,038916980549858;-0,841356804680859;1,22221766911258;"ATG12";"autophagy related 12 [Source:HGNC Symbol;Acc:HGNC:588]"
"ENSG00000243477";-0,120606199582251;6,1668060983747;-3,65826936470987;0,00119754981438025;0,038916980549858;-0,841650926968859;1,0834396171061;"NAA80";"N-alpha-acetyltransferase 80, NatH catalytic subunit [Source:HGNC Symbol;Acc:HGNC:30252]"
"ENSG00000077312";0,26918091853173;7,01297543571148;3,65623252816755;0,00120372024219059;0,038916980549858;-0,846204860534271;1,17581346641215;"SNRPA";"small nuclear ribonucleoprotein polypeptide A [Source:HGNC Symbol;Acc:HGNC:11151]"
"ENSG00000107130";-0,118859938884594;4,99710501117403;-3,65395896478432;0,00121064458783392;0,038916980549858;-0,851287368765575;1,12966936961179;"NCS1";"neuronal calcium sensor 1 [Source:HGNC Symbol;Acc:HGNC:3953]"
"ENSG00000179314";-0,130206096650129;5,61454260181374;-3,64190225076505;0,00124802125915741;0,0394236714487713;-0,878227555546414;1,16435625136245;"WSCD1";"WSC domain containing 1 [Source:HGNC Symbol;Acc:HGNC:29060]"
"ENSG00000236384";-0,141653416393647;5,70526665035586;-3,64023243643971;0,00125328605636924;0,0394236714487713;-0,881957027134473;1,44444529637114;"LINC00479";"long intergenic non-protein coding RNA 479 [Source:HGNC Symbol;Acc:HGNC:19727]"
"ENSG00000114923";-0,188325204836111;6,29092821663762;-3,63624427710982;0,00126594853262641;0,0394236714487713;-0,890862799171409;1,4650185759271;"SLC4A3";"solute carrier family 4 member 3 [Source:HGNC Symbol;Acc:HGNC:11029]"
"ENSG00000168005";-0,109488952313213;6,03394756186357;-3,63050037981734;0,00128440578026623;0,0394236714487713;-0,903685138953961;1,32563974511907;"SPINDOC";"spindlin interactor and repressor of chromatin binding [Source:HGNC Symbol;Acc:HGNC:25115]"
"ENSG00000111674";-0,103644199877778;5,54077407744568;-3,63031942416597;0,00128499151519856;0,0394236714487713;-0,90408901496687;1,26165817707038;"ENO2";"enolase 2 [Source:HGNC Symbol;Acc:HGNC:3353]"
"ENSG00000275397";-0,120065764853721;5,90573261643267;-3,62127016400475;0,00131461874707453;0,0394236714487713;-0,924279932937878;1,35662944226807;"ENSG00000275397";NA
"ENSG00000227051";-0,17593852312975;4,89047158086418;-3,62125005091285;0,0013146853357727;0,0394236714487713;-0,92432479617675;1,13538342021616;"C14orf132";"chromosome 14 open reading frame 132 [Source:HGNC Symbol;Acc:HGNC:20346]"
"ENSG00000151422";0,155924295539355;4,22842496444585;3,62060628019756;0,00131681842032694;0,0394236714487713;-0,925760726458007;1,15468182765784;"FER";"FER tyrosine kinase [Source:HGNC Symbol;Acc:HGNC:3655]"
"ENSG00000107147";-0,0978584679493962;5,66493839241256;-3,61787001372399;0,00132592266416048;0,0394236714487713;-0,931863276083511;1,26418436920326;"KCNT1";"potassium sodium-activated channel subfamily T member 1 [Source:HGNC Symbol;Acc:HGNC:18865]"
"ENSG00000165934";0,214104375496785;5,83164618922232;3,61495279065786;0,00133569680405586;0,0394858175798723;-0,938368166942154;1,58006131669755;"CPSF2";"cleavage and polyadenylation specific factor 2 [Source:HGNC Symbol;Acc:HGNC:2325]"
"ENSG00000174136";-0,103746718847444;4,71532943172871;-3,61278968549211;0,00134298973869152;0,0394858175798723;-0,943190681461242;1,06923876717689;"RGMB";"repulsive guidance molecule BMP co-receptor b [Source:HGNC Symbol;Acc:HGNC:26896]"
"ENSG00000242173";-0,110107371178377;6,08512446904873;-3,60696691470946;0,0013628153185594;0,0395992422634786;-0,956168686438026;1,2810882112117;"ARHGDIG";"Rho GDP dissociation inhibitor gamma [Source:HGNC Symbol;Acc:HGNC:680]"
"ENSG00000126218";-0,13366279794438;5,47037339401339;-3,60212296252123;0,00137952599341258;0,0398015185025219;-0,966961134033302;1,9806660206375;"F10";"coagulation factor X [Source:HGNC Symbol;Acc:HGNC:3528]"
"ENSG00000188807";-0,1166054006621;5,81643047874144;-3,59588792715757;0,0014013307483909;0,0400887089685057;-0,98084765454278;1,24136129319805;"TMEM201";"transmembrane protein 201 [Source:HGNC Symbol;Acc:HGNC:33719]"
"ENSG00000283859";-0,173125831701831;5,65044502647122;-3,59497465720148;0,00140455273218529;0,0400887089685057;-0,982881164200516;1,32518098516315;"ENSG00000283859";NA
"ENSG00000129910";-0,126935715013065;6,32996375840793;-3,59368375367151;0,00140911934769885;0,0400887089685057;-0,985755302043204;1,20976501025462;"CDH15";"cadherin 15 [Source:HGNC Symbol;Acc:HGNC:1754]"
"ENSG00000173848";0,271609798358773;8,22468969936691;3,57881241180618;0,00146278499851928;0,0402057278937957;-1,01884692703075;1,39512592657582;"NET1";"neuroepithelial cell transforming 1 [Source:HGNC Symbol;Acc:HGNC:14592]"
"ENSG00000120533";0,239333062705891;6,79235817297261;3,57819067851522;0,00146507158090493;0,0402057278937957;-1,0202296477307;1,34935388343262;"ENY2";"ENY2 transcription and export complex 2 subunit [Source:HGNC Symbol;Acc:HGNC:24449]"
"ENSG00000100591";0,191897809086745;7,45761400820925;3,57473600324542;0,0014778407741325;0,0402057278937957;-1,02791165137704;1,1038772053808;"AHSA1";"activator of HSP90 ATPase activity 1 [Source:HGNC Symbol;Acc:HGNC:1189]"
"ENSG00000229071";-0,131018997056627;5,76703239350293;-3,57364326879599;0,0014819023310668;0,0402057278937957;-1,03034112053361;1,14200205353322;"ENSG00000229071";NA
"ENSG00000073150";-0,102398013699197;6,94858771448011;-3,57062778468726;0,00149316714893553;0,0402057278937957;-1,0370444391784;1,14777085703193;"PANX2";"pannexin 2 [Source:HGNC Symbol;Acc:HGNC:8600]"
"ENSG00000067057";-0,100479650805347;5,67443394808653;-3,56901234464255;0,0014992362398113;0,0402057278937957;-1,04063490999641;1,00728410969005;"PFKP";"phosphofructokinase, platelet [Source:HGNC Symbol;Acc:HGNC:8878]"
"ENSG00000197363";-0,111877289367365;5,61847469843336;-3,56838169810415;0,001501612065757;0,0402057278937957;-1,042036469171;1,23034132402843;"ZNF517";"zinc finger protein 517 [Source:HGNC Symbol;Acc:HGNC:27984]"
"ENSG00000276371";0,183803287684205;6,39275429741589;3,56701021976787;0,00150679151690159;0,0402057278937957;-1,04508424488186;1,10857633395935;"ENSG00000276371";NA
"ENSG00000145632";0,259642930550444;5,26199094001142;3,56458754357869;0,00151598352730194;0,0403192361577209;-1,05046731270063;1,39484653619872;"PLK2";"polo like kinase 2 [Source:HGNC Symbol;Acc:HGNC:19699]"
"ENSG00000005844";-0,0939286508364476;4,98359020954165;-3,55388090355448;0,00155726610599276;0,0406079931873504;-1,07424557771321;1,49123699978111;"ITGAL";"integrin subunit alpha L [Source:HGNC Symbol;Acc:HGNC:6148]"
"ENSG00000141577";-0,0948104368738672;6,75158227802042;-3,54733014705898;0,00158306346171835;0,0406079931873504;-1,08878486606304;1,00530904300777;"CEP131";"centrosomal protein 131 [Source:HGNC Symbol;Acc:HGNC:29511]"
"ENSG00000011260";0,206948664779902;5,52282607199308;3,54619276927379;0,00158758483553843;0,0406079931873504;-1,09130853723042;1,03660337830453;"UTP18";"UTP18 small subunit processome component [Source:HGNC Symbol;Acc:HGNC:24274]"
"ENSG00000166166";-0,10995147520132;7,03628413298814;-3,54498120537277;0,00159241498092529;0,0406079931873504;-1,09399658147308;1,10697742490318;"TRMT61A";"tRNA methyltransferase 61A [Source:HGNC Symbol;Acc:HGNC:23790]"
"ENSG00000106144";0,139701479642595;6,01000447976947;3,54086374782254;0,00160893748507455;0,0406079931873504;-1,10312999031978;1,28262136963443;"CASP2";"caspase 2 [Source:HGNC Symbol;Acc:HGNC:1503]"
"ENSG00000120616";0,123724110966978;5,15550381354661;3,54085356190587;0,00160897856575058;0,0406079931873504;-1,10315258139297;1,13924121765247;"EPC1";"enhancer of polycomb homolog 1 [Source:HGNC Symbol;Acc:HGNC:19876]"
"ENSG00000128298";-0,111347330003634;5,93133074394281;-3,53743759830996;0,00162281332063767;0,0406079931873504;-1,11072778229255;1,0624820516687;"BAIAP2L2";"BAR/IMD domain containing adaptor protein 2 like 2 [Source:HGNC Symbol;Acc:HGNC:26203]"
"ENSG00000105289";-0,0983372596224528;6,19555207742032;-3,53466672045961;0,00163412065336886;0,0406079931873504;-1,11687101850005;1,25433122106351;"TJP3";"tight junction protein 3 [Source:HGNC Symbol;Acc:HGNC:11829]"
"ENSG00000170545";0,282831347943919;7,7911773720605;3,53261412917403;0,00164254634051198;0,0406079931873504;-1,12142093270966;1,10454882581732;"SMAGP";"small cell adhesion glycoprotein [Source:HGNC Symbol;Acc:HGNC:26918]"
"ENSG00000102575";-0,114787390946287;5,83123624990097;-3,53149505952875;0,00164715784822448;0,0406079931873504;-1,1239012411266;1,4090927148428;"ACP5";"acid phosphatase 5, tartrate resistant [Source:HGNC Symbol;Acc:HGNC:124]"
"ENSG00000019169";-0,0970188037719311;5,76643410506587;-3,53052241749294;0,00165117620798535;0,0406079931873504;-1,12605683601691;1,07829834137385;"MARCO";"macrophage receptor with collagenous structure [Source:HGNC Symbol;Acc:HGNC:6895]"
"ENSG00000047315";0,156334635664446;6,75795592289167;3,52908163177179;0,00165714622915101;0,0406324293123664;-1,1292496504776;1,07203525595921;"POLR2B";"RNA polymerase II subunit B [Source:HGNC Symbol;Acc:HGNC:9188]"
"ENSG00000282604";-0,177677030991103;4,20204438166465;-3,52280890256664;0,00168338410905962;0,0406651812144136;-1,14314607421027;1,18806454878749;"ENSG00000282604";NA
"ENSG00000021776";0,159576891987057;4,97659513564046;3,52035646530409;0,00169375207051214;0,0407229994263209;-1,14857731691592;1,06777644978836;"AQR";"aquarius intron-binding spliceosomal factor [Source:HGNC Symbol;Acc:HGNC:29513]"
"ENSG00000055950";-0,163122374640468;5,47068010305854;-3,51988495043408;0,00169575257868329;0,0407229994263209;-1,14962143071888;1,56435711098728;"MRPL43";"mitochondrial ribosomal protein L43 [Source:HGNC Symbol;Acc:HGNC:14517]"
"ENSG00000165802";-0,0890678101962573;6,04518700646415;-3,51280061988354;0,00172608824226366;0,0408065393055704;-1,1653042608926;1,09213254607889;"NSMF";"NMDA receptor synaptonuclear signaling and neuronal migration factor [Source:HGNC Symbol;Acc:HGNC:29843]"
"ENSG00000185818";-0,107526444791235;5,78857024403651;-3,51164316943724;0,00173109456111691;0,0408065393055704;-1,16786573013818;1,39084961534106;"NAT8L";"N-acetyltransferase 8 like [Source:HGNC Symbol;Acc:HGNC:26742]"
"ENSG00000168259";0,144546917446399;6,75143247612141;3,51024326465295;0,00173716848288193;0,0408065393055704;-1,17096344870716;1,20699822249526;"DNAJC7";"DnaJ heat shock protein family (Hsp40) member C7 [Source:HGNC Symbol;Acc:HGNC:12392]"
"ENSG00000112996";0,173037353686988;4,4071891633904;3,50984646411092;0,0017388939008349;0,0408065393055704;-1,17184143002016;1,28992849378634;"MRPS30";"mitochondrial ribosomal protein S30 [Source:HGNC Symbol;Acc:HGNC:8769]"
"ENSG00000165819";0,126225047294112;6,17597601962011;3,50914293732989;0,00174195717187309;0,0408065393055704;-1,17339802270154;1,13541607597614;"METTL3";"methyltransferase like 3 [Source:HGNC Symbol;Acc:HGNC:17563]"
"ENSG00000183655";-0,125011054573026;5,87914773286524;-3,50019914209527;0,00178136136698529;0,0408954934470716;-1,193179185607;1,17062545687135;"KLHL25";"kelch like family member 25 [Source:HGNC Symbol;Acc:HGNC:25732]"
"ENSG00000119681";-0,112223508974858;6,05926399608337;-3,4989712484028;0,00178683853344453;0,0408954934470716;-1,19589385267522;1,0794974317796;"LTBP2";"latent transforming growth factor beta binding protein 2 [Source:HGNC Symbol;Acc:HGNC:6715]"
"ENSG00000138614";0,147876697793944;6,00419244397164;3,49869294917258;0,00178808219970662;0,0408954934470716;-1,19650908890664;1,2758581851108;"INTS14";"integrator complex subunit 14 [Source:HGNC Symbol;Acc:HGNC:25372]"
"ENSG00000178718";-0,117829923580937;5,15294319786194;-3,49267768219043;0,00181517034965666;0,0412508762571916;-1,20980371712979;1,17356660165817;"RPP25";"ribonuclease P and MRP subunit p25 [Source:HGNC Symbol;Acc:HGNC:30361]"
"ENSG00000126067";0,152721583669684;6,36127711987536;3,48966621208028;0,00182888147031272;0,0412508762571916;-1,2164571139068;1,1790721855747;"PSMB2";"proteasome 20S subunit beta 2 [Source:HGNC Symbol;Acc:HGNC:9539]"
"ENSG00000175463";-0,165094575596965;5,81814161341618;-3,48776517448839;0,00183758872148688;0,0413330906637475;-1,22065634751921;1,13502469209473;"TBC1D10C";"TBC1 domain family member 10C [Source:HGNC Symbol;Acc:HGNC:24702]"
"ENSG00000188130";-0,107335643267033;5,95206535088725;-3,48111886011299;0,00186834910033904;0,0417874735670478;-1,23533244673469;1,51022825358514;"MAPK12";"mitogen-activated protein kinase 12 [Source:HGNC Symbol;Acc:HGNC:6874]"
"ENSG00000144744";0,158289498585574;7,33061818216295;3,47759657249685;0,00188485361599563;0,041820189604903;-1,24310700432031;1,4048696547872;"UBA3";"ubiquitin like modifier activating enzyme 3 [Source:HGNC Symbol;Acc:HGNC:12470]"
"ENSG00000064313";0,190575186260414;5,41938528652673;3,46329658679053;0,00195332977150534;0,042688504165478;-1,27464758013143;1,81221240735231;"TAF2";"TATA-box binding protein associated factor 2 [Source:HGNC Symbol;Acc:HGNC:11536]"
"ENSG00000103253";-0,102904862740648;6,78191247129472;-3,45811532002199;0,00197873327765413;0,0430836192321225;-1,28606637090827;1,06236019811642;"HAGHL";"hydroxyacylglutathione hydrolase like [Source:HGNC Symbol;Acc:HGNC:14177]"
"ENSG00000140939";-0,121997507037528;6,26241809999804;-3,45216152730592;0,00200832151619987;0,043149497950999;-1,29918159526854;1,1220784541173;"NOL3";"nucleolar protein 3 [Source:HGNC Symbol;Acc:HGNC:7869]"
"ENSG00000196470";0,146578720479982;6,40803355745596;3,45121340929974;0,00201307288868548;0,043149497950999;-1,30126953739203;1,29098852618477;"SIAH1";"siah E3 ubiquitin protein ligase 1 [Source:HGNC Symbol;Acc:HGNC:10857]"
"ENSG00000128510";-0,157393750269004;3,67163700877084;-3,45050225984845;0,00201664389950903;0,043149497950999;-1,30283551866277;1,58436238886129;"CPA4";"carboxypeptidase A4 [Source:HGNC Symbol;Acc:HGNC:15740]"
"ENSG00000162613";0,156583077983878;5,63095494905083;3,45008306209892;0,00201875177186548;0,043149497950999;-1,30375856587378;1,24389185761512;"FUBP1";"far upstream element binding protein 1 [Source:HGNC Symbol;Acc:HGNC:4004]"
"ENSG00000115524";0,160012213882029;7,41261792715416;3,44059223454903;0,00206705260524729;0,0434705219336328;-1,3246479989461;1,15849933451513;"SF3B1";"splicing factor 3b subunit 1 [Source:HGNC Symbol;Acc:HGNC:10768]"
"ENSG00000196208";-0,139956094342347;4,72263991388023;-3,43852381904889;0,00207772741952025;0,0434705219336328;-1,32919836662732;1,18062582572336;"GREB1";"growth regulating estrogen receptor binding 1 [Source:HGNC Symbol;Acc:HGNC:24885]"
"ENSG00000165280";0,184538550943557;7,54641477143707;3,4377592204407;0,00208168696583593;0,0434705219336328;-1,33088022539135;1,27755842318306;"VCP";"valosin containing protein [Source:HGNC Symbol;Acc:HGNC:12666]"
"ENSG00000233841";-0,229076207768583;7,2409249607514;-3,43530642177482;0,00209443860453857;0,0435142269874234;-1,33627480930049;1,0356706890543;"ENSG00000233841";NA
"ENSG00000253522";-0,154560393789619;3,63486277532126;-3,43080133973795;0,00211805782495099;0,0437233133138087;-1,34618013240291;1,18654973735634;"MIR3142HG";"MIR3142 host gene [Source:HGNC Symbol;Acc:HGNC:51944]"
"ENSG00000101639";0,136137896427373;4,25548438425076;3,42697082979192;0,00213834392797889;0,0437233133138087;-1,3545992379271;1,03975371123753;"CEP192";"centrosomal protein 192 [Source:HGNC Symbol;Acc:HGNC:25515]"
"ENSG00000180176";-0,176827781824065;6,13523149071624;-3,42678726482034;0,00213932080251595;0,0437233133138087;-1,35500262640925;1,43528187133889;"TH";"tyrosine hydroxylase [Source:HGNC Symbol;Acc:HGNC:11782]"
"ENSG00000169683";-0,104849658186436;6,21243751405304;-3,42628663891819;0,00214198718010086;0,0437233133138087;-1,3561027312494;1,16872034026682;"LRRC45";"leucine rich repeat containing 45 [Source:HGNC Symbol;Acc:HGNC:28302]"
"ENSG00000100304";-0,16232804274728;6,70991390210779;-3,4209023170859;0,00217086952626003;0,0438741328760227;-1,36793152164638;1,21299410449966;"TTLL12";"tubulin tyrosine ligase like 12 [Source:HGNC Symbol;Acc:HGNC:28974]"
"ENSG00000169733";-0,112909401019736;6,46770201598128;-3,41435215117255;0,00220651620735193;0,0440026429014794;-1,38231402411248;1,10785410212422;"RFNG";"RFNG O-fucosylpeptide 3-beta-N-acetylglucosaminyltransferase [Source:HGNC Symbol;Acc:HGNC:9974]"
"ENSG00000130675";-0,0977921763007964;6,10847603466887;-3,40955261491376;0,00223299617393621;0,0440026429014794;-1,39284731016258;1,00329086977283;"MNX1";"motor neuron and pancreas homeobox 1 [Source:HGNC Symbol;Acc:HGNC:4979]"
"ENSG00000159884";-0,113350123330469;5,75232970641446;-3,4060414292587;0,00225256333890236;0,0440026429014794;-1,40055027837963;1,63606885606841;"CCDC107";"coiled-coil domain containing 107 [Source:HGNC Symbol;Acc:HGNC:28465]"
"ENSG00000150687";-0,129139366053808;4,24896440627101;-3,40602118531943;0,00225267663598511;0,0440026429014794;-1,40059468328927;1,03681759669824;"PRSS23";"serine protease 23 [Source:HGNC Symbol;Acc:HGNC:14370]"
"ENSG00000168061";-0,115468796312013;6,87747208173051;-3,40239630544187;0,00227305309423326;0,04418923455813;-1,40854453139567;1,04220924525562;"SAC3D1";"SAC3 domain containing 1 [Source:HGNC Symbol;Acc:HGNC:30179]"
"ENSG00000263324";-0,108170227171625;5,2756073245018;-3,40014854248047;0,00228577819634134;0,0442260165239977;-1,41347288033537;1,17768040864127;"ENSG00000263324";NA
"ENSG00000155561";0,145209082880709;5,22764183883966;3,39898285534842;0,00229240463460497;0,0442493707838051;-1,41602832409508;1,08952691854351;"NUP205";"nucleoporin 205 [Source:HGNC Symbol;Acc:HGNC:18658]"
"ENSG00000005156";0,218068360559687;5,03060110002173;3,39746447638139;0,00230106395784596;0,044311762301444;-1,41935654403733;1,20937330033847;"LIG3";"DNA ligase 3 [Source:HGNC Symbol;Acc:HGNC:6600]"
"ENSG00000115839";0,170994712111175;6,99940787524089;3,3941082703295;0,00232031726637539;0,0443699281267664;-1,42671158166303;1,15109444791193;"RAB3GAP1";"RAB3 GTPase activating protein catalytic subunit 1 [Source:HGNC Symbol;Acc:HGNC:17063]"
"ENSG00000205208";-0,119285960590639;5,3823781023023;-3,38940434078321;0,00234756541864312;0,0443699281267664;-1,43701635547651;1,49260472478122;"C4orf46";"chromosome 4 open reading frame 46 [Source:HGNC Symbol;Acc:HGNC:27320]"
"ENSG00000166855";0,172110139488571;6,51130605961284;3,38917978418559;0,00234887393258786;0,0443699281267664;-1,4375081754307;1,25471222424149;"CLPX";"caseinolytic mitochondrial matrix peptidase chaperone subunit X [Source:HGNC Symbol;Acc:HGNC:2088]"
"ENSG00000141579";0,140723834288976;5,99215590494122;3,38820502383751;0,0023545621716363;0,0443699281267664;-1,43964296188749;1,15027799671226;"ZNF750";"zinc finger protein 750 [Source:HGNC Symbol;Acc:HGNC:25843]"
"ENSG00000139117";0,148914057211172;4,0904243171569;3,38758904881046;0,0023581636024741;0,0443699281267664;-1,44099188804688;1,43359190092019;"CPNE8";"copine 8 [Source:HGNC Symbol;Acc:HGNC:23498]"
"ENSG00000198231";0,166473249858747;6,8820396197515;3,38549820038494;0,00237042812325152;0,0443699281267664;-1,44557007916645;1,15239460588891;"DDX42";"DEAD-box helicase 42 [Source:HGNC Symbol;Acc:HGNC:18676]"
"ENSG00000156469";0,111385921514855;4,74531787272549;3,38209712069774;0,00239051059581578;0,0444009430302906;-1,45301532331856;1,35295420062002;"MTERF3";"mitochondrial transcription termination factor 3 [Source:HGNC Symbol;Acc:HGNC:24258]"
"ENSG00000047932";0,140236890699065;5,86998032207273;3,38110044672192;0,00239642691117569;0,0444009430302906;-1,45519668435405;1,16129148671446;"GOPC";"golgi associated PDZ and coiled-coil motif containing [Source:HGNC Symbol;Acc:HGNC:17643]"
"ENSG00000164591";-0,112884082151041;5,17747693280086;-3,38091083741988;0,00239755405092006;0,0444009430302906;-1,45561164830538;1,27423310873367;"MYOZ3";"myozenin 3 [Source:HGNC Symbol;Acc:HGNC:18565]"
"ENSG00000131174";0,165411972801991;6,76372046326239;3,37369386650518;0,00244084015528449;0,0448502816504338;-1,47140074207639;1,06729306197489;"COX7B";"cytochrome c oxidase subunit 7B [Source:HGNC Symbol;Acc:HGNC:2291]"
"ENSG00000089127";-0,152667842732267;3,87213821537259;-3,37086187026752;0,0024580323084577;0,0448502816504338;-1,47759362126969;1,20441321891886;"OAS1";"2'-5'-oligoadenylate synthetase 1 [Source:HGNC Symbol;Acc:HGNC:8086]"
"ENSG00000131503";0,168285329966825;6,20639334620179;3,36798651286038;0,00247560786370377;0,0448502816504338;-1,48387964862925;1,29407197968499;"ANKHD1";"ankyrin repeat and KH domain containing 1 [Source:HGNC Symbol;Acc:HGNC:24714]"
"ENSG00000146085";0,240082954038887;5,67104337307194;3,36673837393541;0,00248327497233214;0,0448502816504338;-1,48660776990317;1,05453068416508;"MMUT";"methylmalonyl-CoA mutase [Source:HGNC Symbol;Acc:HGNC:7526]"
"ENSG00000187961";-0,108207764014946;6,07505761808219;-3,36629189498391;0,00248602320727861;0,0448502816504338;-1,4875835844285;1,38727426784085;"KLHL17";"kelch like family member 17 [Source:HGNC Symbol;Acc:HGNC:24023]"
"ENSG00000122694";-0,135369348620646;5,19409194879598;-3,36171617182947;0,0025143589734248;0,0448502816504338;-1,49758182678824;1,06511075040154;"GLIPR2";"GLI pathogenesis related 2 [Source:HGNC Symbol;Acc:HGNC:18007]"
"ENSG00000089006";0,241152114071475;5,5180201137058;3,36164312176219;0,00251481387616904;0,0448502816504338;-1,49774141087432;1,11141687067294;"SNX5";"sorting nexin 5 [Source:HGNC Symbol;Acc:HGNC:14969]"
"ENSG00000197355";-0,0951563566357109;5,66094144674181;-3,35899462329889;0,00253136081380123;0,0448502816504338;-1,50352653834875;1,11362313463968;"UAP1L1";"UDP-N-acetylglucosamine pyrophosphorylase 1 like 1 [Source:HGNC Symbol;Acc:HGNC:28082]"
"ENSG00000179912";0,150703112734218;6,04410111348531;3,35733314742039;0,00254179500299056;0,0448502816504338;-1,5071549687493;1,88249452917642;"R3HDM2";"R3H domain containing 2 [Source:HGNC Symbol;Acc:HGNC:29167]"
"ENSG00000196865";0,202844248707855;6,10401527446705;3,35683873954276;0,00254490796381841;0,0448502816504338;-1,50823457604006;1,0803887808622;"NHLRC2";"NHL repeat containing 2 [Source:HGNC Symbol;Acc:HGNC:24731]"
"ENSG00000160051";-0,114729595234045;5,68952145712188;-3,3561010526848;0,00254955956613084;0,0448502816504338;-1,50984532221818;1,19861157716517;"IQCC";"IQ motif containing C [Source:HGNC Symbol;Acc:HGNC:25545]"
"ENSG00000111445";0,132178550698126;4,47373401445151;3,35143883206692;0,00257914920262321;0,0448502816504338;-1,52002271326249;1,03473903055931;"RFC5";"replication factor C subunit 5 [Source:HGNC Symbol;Acc:HGNC:9973]"
"ENSG00000125149";0,1883341767446;5,2797946965046;3,35023263179071;0,00258685862061719;0,0448502816504338;-1,52265505122405;1,12712536264076;"C16orf70";"chromosome 16 open reading frame 70 [Source:HGNC Symbol;Acc:HGNC:29564]"
"ENSG00000162390";-0,102812040987725;5,32931096450178;-3,35000021015304;0,00258834670629967;0,0448502816504338;-1,5231622391928;1,24784584254165;"ACOT11";"acyl-CoA thioesterase 11 [Source:HGNC Symbol;Acc:HGNC:18156]"
"ENSG00000174576";-0,103005831458523;5,18257740425106;-3,3499245346154;0,00258883139998942;0,0448502816504338;-1,52332737509643;1,36459029934208;"NPAS4";"neuronal PAS domain protein 4 [Source:HGNC Symbol;Acc:HGNC:18983]"
"ENSG00000107719";-0,113267037342373;5,97660329174232;-3,34844117188456;0,00259834996372744;0,0448502816504338;-1,52656406414494;1,0373334166519;"PALD1";"phosphatase domain containing paladin 1 [Source:HGNC Symbol;Acc:HGNC:23530]"
"ENSG00000108551";-0,259295681551978;4,94831902956231;-3,34609398877272;0,00261348091080041;0,0448502816504338;-1,53168466485424;1,31441168326706;"RASD1";"ras related dexamethasone induced 1 [Source:HGNC Symbol;Acc:HGNC:15828]"
"ENSG00000120690";0,193489685371648;7,28354845260585;3,33826887231633;0,00266454441227922;0,0450822885882065;-1,54874753902058;1,26594471591401;"ELF1";"E74 like ETS transcription factor 1 [Source:HGNC Symbol;Acc:HGNC:3316]"
"ENSG00000049245";0,26677409117841;7,56808850226021;3,33592725985459;0,00268001185301043;0,0450822885882065;-1,55385097737107;1,424074205567;"VAMP3";"vesicle associated membrane protein 3 [Source:HGNC Symbol;Acc:HGNC:12644]"
"ENSG00000151779";0,127245106292879;5,21070205645262;3,33065169146854;0,00271517888301599;0,04513007122583;-1,56534457941864;1,11120640718359;"NBAS";"NBAS subunit of NRZ tethering complex [Source:HGNC Symbol;Acc:HGNC:15625]"
"ENSG00000130762";-0,170973838085466;6,16541065236296;-3,32805345655699;0,00273266265694567;0,04513007122583;-1,57100303947643;1,27821871113374;"ARHGEF16";"Rho guanine nucleotide exchange factor 16 [Source:HGNC Symbol;Acc:HGNC:15515]"
"ENSG00000053770";0,208380661384782;5,13100029523943;3,32552742504947;0,00274976508787015;0,0452657902065721;-1,5765028716408;1,38699852178279;"AP5M1";"adaptor related protein complex 5 subunit mu 1 [Source:HGNC Symbol;Acc:HGNC:20192]"
"ENSG00000115145";0,178289231549814;6,51155548391161;3,3229405201882;0,00276738709007604;0,0453993648606994;-1,58213382424708;1,19180051673286;"STAM2";"signal transducing adaptor molecule 2 [Source:HGNC Symbol;Acc:HGNC:11358]"
"ENSG00000101489";-0,0880171280393014;5,70688951528793;-3,32270456623895;0,00276899984086079;0,0453993648606994;-1,58264735708002;1,13899023902008;"CELF4";"CUGBP Elav-like family member 4 [Source:HGNC Symbol;Acc:HGNC:14015]"
"ENSG00000196155";-0,0878165148636281;5,84414336404695;-3,3189756393709;0,002794608317445;0,0455368033365977;-1,59076144500604;1,01163638059789;"PLEKHG4";"pleckstrin homology and RhoGEF domain containing G4 [Source:HGNC Symbol;Acc:HGNC:24501]"
"ENSG00000197771";0,171105897398394;6,76924966433207;3,31887689449979;0,00279528955703098;0,0455368033365977;-1,59097627161769;1,15122365317596;"MCMBP";"minichromosome maintenance complex binding protein [Source:HGNC Symbol;Acc:HGNC:25782]"
"ENSG00000071189";0,185553126361258;5,95749204780068;3,31623819414729;0,0028135535922493;0,045671302347347;-1,59671617513237;1,62146847039425;"SNX13";"sorting nexin 13 [Source:HGNC Symbol;Acc:HGNC:21335]"
"ENSG00000096401";0,199667286024532;6,03876988752212;3,30811089116378;0,00287053641238875;0,0461400673496001;-1,61438582262451;1,02762158584385;"CDC5L";"cell division cycle 5 like [Source:HGNC Symbol;Acc:HGNC:1743]"
"ENSG00000148339";-0,110346237199539;6,08291693809792;-3,30808970981596;0,00287068637031192;0,0461400673496001;-1,61443185441271;1,83402815868504;"SLC25A25";"solute carrier family 25 member 25 [Source:HGNC Symbol;Acc:HGNC:20663]"
"ENSG00000064886";-0,152113119322731;4,18825350492887;-3,3034004064826;0,00290407262311159;0,0464026476863133;-1,6246203403854;1,3649054632641;"CHI3L2";"chitinase 3 like 2 [Source:HGNC Symbol;Acc:HGNC:1933]"
"ENSG00000114626";-0,108239637981243;6,30347050239942;-3,30120077010266;0,00291986246492848;0,0465082787849858;-1,62939784673387;1,02357828928672;"ABTB1";"ankyrin repeat and BTB domain containing 1 [Source:HGNC Symbol;Acc:HGNC:18275]"
"ENSG00000063601";0,139069958044788;6,24039205685972;3,30079036171693;0,00292281771721382;0,0465082787849858;-1,6302891166601;2,05143757500996;"MTMR1";"myotubularin related protein 1 [Source:HGNC Symbol;Acc:HGNC:7449]"
"ENSG00000142583";-0,151103586966605;5,0923737306584;-3,30010329182457;0,00292777162222691;0,0465082787849858;-1,63178112001039;1,60032985647655;"SLC2A5";"solute carrier family 2 member 5 [Source:HGNC Symbol;Acc:HGNC:11010]"
"ENSG00000187742";0,140101196343234;6,2671451276924;3,29738378289801;0,00294745963937581;0,0465659263570232;-1,63768563607602;1,27662846686575;"SECISBP2";"SECIS binding protein 2 [Source:HGNC Symbol;Acc:HGNC:30972]"
"ENSG00000167635";0,138825667432086;6,45116253313295;3,29723919448683;0,00294850997263699;0,0465659263570232;-1,63799951641166;1,16553527738614;"ZNF146";"zinc finger protein 146 [Source:HGNC Symbol;Acc:HGNC:12931]"
"ENSG00000088930";0,177216898007621;6,22912627668176;3,292262266271;0,00298488542696655;0,046639157866808;-1,64880088171644;1,45555504571358;"XRN2";"5'-3' exoribonuclease 2 [Source:HGNC Symbol;Acc:HGNC:12836]"
"ENSG00000144028";0,174422438213061;7,12291947983795;3,29036805772994;0,00299884358604706;0,046639157866808;-1,65291041570369;1,50619003966866;"SNRNP200";"small nuclear ribonucleoprotein U5 subunit 200 [Source:HGNC Symbol;Acc:HGNC:30859]"
"ENSG00000104140";-0,157296643523213;6,81876091058461;-3,28746732244057;0,00302034114446182;0,0467066012207022;-1,65920208765214;1,25224520425259;"RHOV";"ras homolog family member V [Source:HGNC Symbol;Acc:HGNC:18313]"
"ENSG00000035687";0,131949867977762;5,6098125988056;3,27652625949623;0,00310277529405223;0,0474060596037238;-1,68291622214558;1,02743089455993;"ADSS2";"adenylosuccinate synthase 2 [Source:HGNC Symbol;Acc:HGNC:292]"
"ENSG00000130748";-0,155412014913025;6,74687383730616;-3,2762954854557;0,00310453724622702;0,0474060596037238;-1,68341612191947;1,33691650630035;"TMEM160";"transmembrane protein 160 [Source:HGNC Symbol;Acc:HGNC:26042]"
"ENSG00000236826";0,138228373118553;5,61981760683164;3,27578063409216;0,00310847160615141;0,0474060596037238;-1,68453134301416;1,05802699721883;"ENSG00000236826";NA
"ENSG00000100341";-0,106923763425216;4,99913558657489;-3,2732529225097;0,00312785774506174;0,0474060596037238;-1,69000575741842;1,30728158278066;"PNPLA5";"patatin like phospholipase domain containing 5 [Source:HGNC Symbol;Acc:HGNC:24888]"
"ENSG00000059915";-0,108000270219786;5,9171029216843;-3,27263953418502;0,00313257968311556;0,0474060596037238;-1,69133399071704;1,63893750897329;"PSD";"pleckstrin and Sec7 domain containing [Source:HGNC Symbol;Acc:HGNC:9507]"
"ENSG00000229300";0,140399287547961;5,91810651490349;3,27217977248247;0,00313612350176222;0,0474060596037238;-1,69232950446153;1,30890615059458;"ENSG00000229300";NA
"ENSG00000128165";-0,123242098192853;6,65314434862716;-3,26735298796845;0,00317356274825621;0,0474060596037238;-1,70277795665242;1,32857481002091;"ADM2";"adrenomedullin 2 [Source:HGNC Symbol;Acc:HGNC:28898]"
"ENSG00000147669";0,267491462477711;6,05958346742778;3,26599212103344;0,00318419621680518;0,0474060596037238;-1,70572284204373;1,14928684540668;"POLR2K";"RNA polymerase II, I and III subunit K [Source:HGNC Symbol;Acc:HGNC:9198]"
"ENSG00000164707";0,420138507139488;7,39803307286225;3,26486330798162;0,00319304259148815;0,0474060596037238;-1,70816524738299;1,05805319609131;"SLC13A4";"solute carrier family 13 member 4 [Source:HGNC Symbol;Acc:HGNC:15827]"
"ENSG00000148175";0,244850528975475;8,65431301243039;3,26367460341243;0,00320238399985873;0,0474060596037238;-1,71073692486206;1,45299546129472;"STOM";"stomatin [Source:HGNC Symbol;Acc:HGNC:3383]"
"ENSG00000116954";0,145996198242911;6,44058704525876;3,26357289943208;0,00320318446349861;0,0474060596037238;-1,71095693915665;1,16597242349445;"RRAGC";"Ras related GTP binding C [Source:HGNC Symbol;Acc:HGNC:19902]"
"ENSG00000266472";0,180509639893531;7,35997847468553;3,26327709645597;0,00320551368698473;0,0474060596037238;-1,71159683068027;1,34761457254382;"MRPS21";"mitochondrial ribosomal protein S21 [Source:HGNC Symbol;Acc:HGNC:14046]"
"ENSG00000116641";0,156533075736036;5,0599330864666;3,26261631967608;0,00321072271412851;0,0474060596037238;-1,71302617418072;1,14544451598419;"DOCK7";"dedicator of cytokinesis 7 [Source:HGNC Symbol;Acc:HGNC:19190]"
"ENSG00000129351";0,12485944407629;7,09014490316347;3,26057655605243;0,00322685419492305;0,0474813060319985;-1,71743780901629;1,30859438609362;"ILF3";"interleukin enhancer binding factor 3 [Source:HGNC Symbol;Acc:HGNC:6038]"
"ENSG00000089289";0,201946646083064;6,58698612528649;3,25780764007997;0,00324887752125572;0,0474813060319985;-1,72342493836901;1,02735660394476;"IGBP1";"immunoglobulin binding protein 1 [Source:HGNC Symbol;Acc:HGNC:5461]"
"ENSG00000288310";0,315217384324025;6,28996559766161;3,25492495015434;0,00327196003205205;0,0477063458244732;-1,72965620207103;1,16952187586967;"ENSG00000288310";NA
"ENSG00000165185";-0,125455290793671;5,20883375545023;-3,25299984197749;0,00328746304719504;0,0478469443499956;-1,7338164753689;1,09211472724954;"KIAA1958";"KIAA1958 [Source:HGNC Symbol;Acc:HGNC:23427]"
"ENSG00000048544";0,203591255271001;6,23658543260969;3,25186502099613;0,00329663504319339;0,047886872500255;-1,73626848950209;1,52172585506817;"MRPS10";"mitochondrial ribosomal protein S10 [Source:HGNC Symbol;Acc:HGNC:14502]"
"ENSG00000101608";0,218065050882699;9,2253599253416;3,24822871850493;0,00332619160644733;0,0479829584216298;-1,74412345821863;1,12478167267856;"MYL12A";"myosin light chain 12A [Source:HGNC Symbol;Acc:HGNC:16701]"
"ENSG00000102974";0,210055282012352;7,19841710729624;3,24581225227423;0,00334597446318677;0,0481832125077954;-1,74934169500026;1,3751779942358;"CTCF";"CCCTC-binding factor [Source:HGNC Symbol;Acc:HGNC:13723]"
"ENSG00000126353";-0,204815306598592;4,22193225205522;-3,24254290292185;0,00337292051938524;0,0483579463256605;-1,75639952319396;1,01099773123567;"CCR7";"C-C motif chemokine receptor 7 [Source:HGNC Symbol;Acc:HGNC:1608]"
"ENSG00000226287";-0,101500092022423;6,83588357438095;-3,23738805315818;0,00341583298321177;0,0486914761976611;-1,76752266455321;1,51591314749808;"TMEM191A";"transmembrane protein 191A (pseudogene) [Source:HGNC Symbol;Acc:HGNC:25317]"
"ENSG00000141013";-0,149997717043936;6,10849551161143;-3,23724273448672;0,00341705031981137;0,0486914761976611;-1,76783614299809;1,03958138005199;"GAS8";"growth arrest specific 8 [Source:HGNC Symbol;Acc:HGNC:4166]"
"ENSG00000133055";-0,1180657646881;5,83812330054701;-3,23394945091877;0,00344475074536981;0,0488203071204335;-1,77493901391116;1,46517086976982;"MYBPH";"myosin binding protein H [Source:HGNC Symbol;Acc:HGNC:7552]"
"ENSG00000039123";0,164577674339546;5,80878421019575;3,23208318534769;0,00346054432972032;0,0488846789829869;-1,77896299327863;1,20199717815106;"MTREX";"Mtr4 exosome RNA helicase [Source:HGNC Symbol;Acc:HGNC:18734]"
"ENSG00000130032";-0,109724334080972;4,83964959730422;-3,2307677025567;0,0034717187864273;0,0489578305547131;-1,78179889874746;1,2501997936106;"PRRG3";"proline rich and Gla domain 3 [Source:HGNC Symbol;Acc:HGNC:30798]"
"ENSG00000167771";-0,0997404631684089;5,80152779946423;-3,22780850645877;0,0034969832822241;0,0490870302722816;-1,78817680834827;1,05068502717571;"RCOR2";"REST corepressor 2 [Source:HGNC Symbol;Acc:HGNC:27455]"
"ENSG00000115761";0,147650583882435;5,17938005176541;3,22389004664289;0,00353071071050785;0,0490870302722816;-1,79661900471923;1,30241870409355;"NOL10";"nucleolar protein 10 [Source:HGNC Symbol;Acc:HGNC:25862]"
"ENSG00000167258";0,142931123756824;6,10915308079465;3,22117839035862;0,00355423429484103;0,0490870302722816;-1,80245904012065;1,49412152496889;"CDK12";"cyclin dependent kinase 12 [Source:HGNC Symbol;Acc:HGNC:24224]"
"ENSG00000180370";0,307868898341837;6,18636789601509;3,22036766931272;0,00356129659790504;0,0490870302722816;-1,80420473149577;1,47618726939892;"PAK2";"p21 (RAC1) activated kinase 2 [Source:HGNC Symbol;Acc:HGNC:8591]"
"ENSG00000261526";-0,182594395050883;4,31022104900492;-3,22029844637671;0,00356190023529302;0,0490870302722816;-1,80435377903719;1,1553739093868;"";"novel transcript"
"ENSG00000029725";0,229671907264605;6,1367420516601;3,21787855424869;0,00358306429968232;0,0490870302722816;-1,80956345505875;1,08430417167918;"RABEP1";"rabaptin, RAB GTPase binding effector protein 1 [Source:HGNC Symbol;Acc:HGNC:17677]"
"ENSG00000065308";0,223939277444285;8,23275901945238;3,21785361410479;0,00358328305315278;0,0490870302722816;-1,8096171402598;1,07509391578452;"TRAM2";"translocation associated membrane protein 2 [Source:HGNC Symbol;Acc:HGNC:16855]"
"ENSG00000132780";0,121926767642713;6,08205514851499;3,21769720178524;0,00358465526109599;0,0490870302722816;-1,80995382404321;1,43065213529494;"NASP";"nuclear autoantigenic sperm protein [Source:HGNC Symbol;Acc:HGNC:7644]"
"ENSG00000182400";0,13176815977643;5,6385313862922;3,21719157987908;0,00358909455879389;0,0490870302722816;-1,81104215530996;1,1885377875581;"TRAPPC6B";"trafficking protein particle complex 6B [Source:HGNC Symbol;Acc:HGNC:23066]"
"ENSG00000205189";0,213071363349655;6,42477349440568;3,21435893173716;0,00361406308538719;0,0492514947882452;-1,81713818375271;1,65378699454488;"ZBTB10";"zinc finger and BTB domain containing 10 [Source:HGNC Symbol;Acc:HGNC:30953]"
"ENSG00000100027";-0,0919854971807976;5,14261810856311;-3,21377671442303;0,00361921578358201;0,0492514947882452;-1,81839091127017;1,35432311996086;"YPEL1";"yippee like 1 [Source:HGNC Symbol;Acc:HGNC:12845]"
"ENSG00000165804";-0,110692849664427;5,25105071545538;-3,21100618384407;0,00364383255362102;0,0493512021093631;-1,82435100266635;1,28071473463805;"ZNF219";"zinc finger protein 219 [Source:HGNC Symbol;Acc:HGNC:13011]"
"ENSG00000180644";-0,142257411045962;5,49235142648789;-3,20430169359808;0,00370407326688222;0,0496613435535195;-1,83876632870848;1,16659684317433;"PRF1";"perforin 1 [Source:HGNC Symbol;Acc:HGNC:9360]"
"ENSG00000178988";0,212265756095628;5,63864820891009;3,20342047940632;0,00371206212201195;0,0496868643052911;-1,8406602167745;1,61213511463822;"MRFAP1L1";"Morf4 family associated protein 1 like 1 [Source:HGNC Symbol;Acc:HGNC:28796]"
