Pathway identifier,Pathway name,#Entities found,#Entities total,Entities ratio,Entities pValue,Entities FDR,#Reactions found,#Reactions total,Reactions ratio,Species identifier,Species name,Submitted entities found,Mapped entities,Found reaction identifiers
R-HSA-6794361,"Neurexins and neuroligins",4,60,0.004125979920231055,4.8777258659704614E-5,0.013267414355439655,15,19,0.0014057413435927789,9606,Homo sapiens,"DLG4;NRXN2;SYT9","","R-HSA-6794338;R-HSA-6797568;R-HSA-6794336;R-HSA-6794349;R-HSA-6794348;R-HSA-6794346;R-HSA-6794345;R-HSA-6794344;R-HSA-6797974;R-HSA-6794357;R-HSA-6794356;R-HSA-6797554;R-HSA-6794354;R-HSA-6794353;R-HSA-6794352"
R-HSA-6794362,"Protein-protein interactions at synapses",4,93,0.006395268876358135,2.600019847641688E-4,0.03536026992792696,18,33,0.0024415507546611424,9606,Homo sapiens,"DLG4;NRXN2;SYT9","","R-HSA-8849891;R-HSA-6794338;R-HSA-6797568;R-HSA-6794336;R-HSA-6794349;R-HSA-6794348;R-HSA-6794346;R-HSA-6794345;R-HSA-6794344;R-HSA-6797974;R-HSA-8849878;R-HSA-6794357;R-HSA-6794356;R-HSA-6797554;R-HSA-8849906;R-HSA-6794354;R-HSA-6794353;R-HSA-6794352"
R-HSA-9661070,"Defective translocation of RB1 mutants to the nucleus",1,1,6.876633200385091E-5,0.003295455460301633,0.21720278924014902,1,1,7.39863865048831E-5,9606,Homo sapiens,"RB1","","R-HSA-9660615"
R-HSA-112316,"Neuronal System",6,487,0.03348920368587539,0.005180782142495288,0.21720278924014902,42,216,0.01598105948505475,9606,Homo sapiens,"GABBR1;DLG4;NRXN2;MAPT;SYT9","","R-HSA-9619542;R-HSA-9611030;R-HSA-6794338;R-HSA-416320;R-HSA-6794336;R-HSA-6794349;R-HSA-6794348;R-HSA-6794346;R-HSA-6794345;R-HSA-442760;R-HSA-6794344;R-HSA-9610653;R-HSA-8849878;R-HSA-6794357;R-HSA-438037;R-HSA-6794356;R-HSA-1013020;R-HSA-6797554;R-HSA-451283;R-HSA-6794354;R-HSA-6794353;R-HSA-420688;R-HSA-6794352;R-HSA-1013013;R-HSA-1013012;R-HSA-432164;R-HSA-8849891;R-HSA-432162;R-HSA-6797568;R-HSA-9612085;R-HSA-9619515;R-HSA-451311;R-HSA-442732;R-HSA-432172;R-HSA-9618750;R-HSA-9610879;R-HSA-6797974;R-HSA-445367;R-HSA-8849906;R-HSA-9611368;R-HSA-9614185;R-HSA-9617326"
R-HSA-9008059,"Interleukin-37 signaling",2,36,0.002475587952138633,0.006409469517549726,0.21720278924014902,1,14,0.0010358094110683633,9606,Homo sapiens,"PTPN12","","R-HSA-9008894"
R-HSA-2129379,"Molecules associated with elastic fibres",2,38,0.002613120616146335,0.007111597220271659,0.21720278924014902,2,10,7.39863865048831E-4,9606,Homo sapiens,"LTBP3","","R-HSA-2328033;R-HSA-2395328"
R-HSA-1566948,"Elastic fibre formation",2,46,0.003163251272177142,0.01024837790936517,0.21720278924014902,2,17,0.0012577685705830127,9606,Homo sapiens,"LTBP3","","R-HSA-2328033;R-HSA-2395328"
R-HSA-5603037,"IRAK4 deficiency (TLR5)",1,5,3.438316600192546E-4,0.016371267617547258,0.21720278924014902,2,2,1.479727730097662E-4,9606,Homo sapiens,"IRAK4","","R-HSA-5602472;R-HSA-5602603"
R-HSA-446652,"Interleukin-1 family signaling",3,167,0.011483977444643103,0.017839833009813066,0.21720278924014902,13,80,0.005918910920390648,9606,Homo sapiens,"IRAK4;PTPN12","","R-HSA-446694;R-HSA-446692;R-HSA-450690;R-HSA-446862;R-HSA-446894;R-HSA-446701;R-HSA-446634;R-HSA-450827;R-HSA-446868;R-HSA-9008894;R-HSA-8948063;R-HSA-446684;R-HSA-446648"
R-HSA-69200,"Phosphorylation of proteins involved in G1/S transition by active Cyclin E:Cdk2 complexes",1,6,4.125979920231055E-4,0.01961388540842024,0.21720278924014902,1,1,7.39863865048831E-5,9606,Homo sapiens,"RB1","","R-HSA-188390"
R-HSA-111464,"SMAC(DIABLO)-mediated dissociation of IAP:caspase complexes ",1,7,4.813643240269564E-4,0.0228460356076291,0.21720278924014902,1,3,2.219591595146493E-4,9606,Homo sapiens,"CASP9","","R-HSA-114440"
R-HSA-447038,"NrCAM interactions",1,7,4.813643240269564E-4,0.0228460356076291,0.21720278924014902,1,4,2.959455460195324E-4,9606,Homo sapiens,"DLG4","","R-HSA-376134"
R-HSA-111463,"SMAC (DIABLO) binds to IAPs ",1,7,4.813643240269564E-4,0.0228460356076291,0.21720278924014902,1,4,2.959455460195324E-4,9606,Homo sapiens,"CASP9","","R-HSA-114361"
R-HSA-111459,"Activation of caspases through apoptosome-mediated cleavage",1,8,5.501306560308073E-4,0.026067751289230112,0.21720278924014902,2,2,1.479727730097662E-4,9606,Homo sapiens,"CASP9","","R-HSA-114261;R-HSA-114252"
R-HSA-9022537,"Loss of MECP2 binding ability to the NCoR/SMRT complex",1,8,5.501306560308073E-4,0.026067751289230112,0.21720278924014902,1,1,7.39863865048831E-5,9606,Homo sapiens,"NCOR2","","R-HSA-9005585"
R-HSA-111469,"SMAC, XIAP-regulated apoptotic response",1,8,5.501306560308073E-4,0.026067751289230112,0.21720278924014902,2,10,7.39863865048831E-4,9606,Homo sapiens,"CASP9","","R-HSA-114361;R-HSA-114440"
R-HSA-8937144,"Aryl hydrocarbon receptor signalling",1,8,5.501306560308073E-4,0.026067751289230112,0.21720278924014902,1,5,3.699319325244155E-4,9606,Homo sapiens,"AHRR","","R-HSA-8936851"
R-HSA-418889,"Caspase activation via Dependence Receptors in the absence of ligand",1,12,8.25195984046211E-4,0.03885092674909241,0.21720278924014902,2,8,5.918910920390648E-4,9606,Homo sapiens,"CASP9","","R-HSA-373700;R-HSA-418845"
R-HSA-264870,"Caspase-mediated cleavage of cytoskeletal proteins",1,12,8.25195984046211E-4,0.03885092674909241,0.21720278924014902,1,10,7.39863865048831E-4,9606,Homo sapiens,"MAPT","","R-HSA-201629"
R-HSA-438064,"Post NMDA receptor activation events",2,96,0.006601567872369688,0.040234530629552734,0.21720278924014902,7,39,0.002885469073690441,9606,Homo sapiens,"DLG4;MAPT","","R-HSA-445367;R-HSA-9619542;R-HSA-9612085;R-HSA-9619515;R-HSA-442732;R-HSA-9618750;R-HSA-442760"
R-HSA-112314,"Neurotransmitter receptors and postsynaptic signal transmission",3,231,0.01588502269288956,0.04083219727436349,0.21720278924014902,24,109,0.008064516129032258,9606,Homo sapiens,"GABBR1;DLG4;MAPT","","R-HSA-432164;R-HSA-9619542;R-HSA-432162;R-HSA-9611030;R-HSA-416320;R-HSA-9612085;R-HSA-9619515;R-HSA-451311;R-HSA-442732;R-HSA-432172;R-HSA-9618750;R-HSA-9610879;R-HSA-442760;R-HSA-9610653;R-HSA-445367;R-HSA-438037;R-HSA-1013020;R-HSA-451283;R-HSA-420688;R-HSA-9611368;R-HSA-1013013;R-HSA-9614185;R-HSA-1013012;R-HSA-9617326"
R-HSA-451308,"Activation of Ca-permeable Kainate Receptor",1,13,8.939623160500619E-4,0.042020962386146166,0.21720278924014902,2,2,1.479727730097662E-4,9606,Homo sapiens,"DLG4","","R-HSA-451283;R-HSA-451311"
R-HSA-9627069,"Regulation of the apoptosome activity",1,13,8.939623160500619E-4,0.042020962386146166,0.21720278924014902,5,6,4.439183190292986E-4,9606,Homo sapiens,"CASP9","","R-HSA-9627089;R-HSA-6804596;R-HSA-9627078;R-HSA-6805426;R-HSA-6804652"
R-HSA-111458,"Formation of apoptosome",1,13,8.939623160500619E-4,0.042020962386146166,0.21720278924014902,8,10,7.39863865048831E-4,9606,Homo sapiens,"CASP9","","R-HSA-114256;R-HSA-114259;R-HSA-9627056;R-HSA-9627089;R-HSA-6804596;R-HSA-9627078;R-HSA-6805426;R-HSA-6804652"
R-HSA-2586552,"Signaling by Leptin",1,13,8.939623160500619E-4,0.042020962386146166,0.21720278924014902,15,19,0.0014057413435927789,9606,Homo sapiens,"LEPR","","R-HSA-2671850;R-HSA-2672302;R-HSA-2671855;R-HSA-2671872;R-HSA-2671873;R-HSA-2671747;R-HSA-2671876;R-HSA-2671868;R-HSA-2671742;R-HSA-2671839;R-HSA-2586559;R-HSA-2586555;R-HSA-2671829;R-HSA-2586553;R-HSA-2671862"
R-HSA-451306,"Ionotropic activity of kainate receptors",1,14,9.627286480539128E-4,0.04518075981377501,0.21720278924014902,2,4,2.959455460195324E-4,9606,Homo sapiens,"DLG4","","R-HSA-451283;R-HSA-451311"
R-HSA-5682910,"LGI-ADAM interactions",1,14,9.627286480539128E-4,0.04518075981377501,0.21720278924014902,1,5,3.699319325244155E-4,9606,Homo sapiens,"DLG4","","R-HSA-5682794"
R-HSA-111461,"Cytochrome c-mediated apoptotic response",1,15,0.0010314949800577637,0.04833035139684183,0.21720278924014902,10,12,8.878366380585972E-4,9606,Homo sapiens,"CASP9","","R-HSA-114256;R-HSA-114259;R-HSA-9627056;R-HSA-9627089;R-HSA-6804596;R-HSA-114261;R-HSA-9627078;R-HSA-6805426;R-HSA-6804652;R-HSA-114252"
R-HSA-113501,"Inhibition of replication initiation of damaged DNA by RB1/E2F1",1,15,0.0010314949800577637,0.04833035139684183,0.21720278924014902,2,3,2.219591595146493E-4,9606,Homo sapiens,"RB1","","R-HSA-113643;R-HSA-113503"
R-HSA-9623433,"NR1H2 & NR1H3 regulate gene expression to control bile acid homeostasis",1,15,0.0010314949800577637,0.04833035139684183,0.21720278924014902,2,6,4.439183190292986E-4,9606,Homo sapiens,"NCOR2","","R-HSA-9029517;R-HSA-9029566"
R-HSA-9697154,"Disorders of Nervous System Development",1,16,0.0011002613120616146,0.05146976940011494,0.21720278924014902,1,5,3.699319325244155E-4,9606,Homo sapiens,"NCOR2","","R-HSA-9005585"
R-HSA-9005891,"Loss of function of MECP2 in Rett syndrome",1,16,0.0011002613120616146,0.05146976940011494,0.21720278924014902,1,5,3.699319325244155E-4,9606,Homo sapiens,"NCOR2","","R-HSA-9005585"
R-HSA-9005895,"Pervasive developmental disorders",1,16,0.0011002613120616146,0.05146976940011494,0.21720278924014902,1,5,3.699319325244155E-4,9606,Homo sapiens,"NCOR2","","R-HSA-9005585"
R-HSA-9675151,"Disorders of Developmental Biology",1,16,0.0011002613120616146,0.05146976940011494,0.21720278924014902,1,5,3.699319325244155E-4,9606,Homo sapiens,"NCOR2","","R-HSA-9005585"
R-HSA-9634285,"Constitutive Signaling by Overexpressed ERBB2",1,16,0.0011002613120616146,0.05146976940011494,0.21720278924014902,1,8,5.918910920390648E-4,9606,Homo sapiens,"PTPN12","","R-HSA-9634391"
R-HSA-198323,"AKT phosphorylates targets in the cytosol",1,16,0.0011002613120616146,0.05146976940011494,0.21720278924014902,1,9,6.658774785439479E-4,9606,Homo sapiens,"CASP9","","R-HSA-198621"
R-HSA-442755,"Activation of NMDA receptors and postsynaptic events",2,113,0.007770595516435153,0.05382737612864563,0.21720278924014902,17,71,0.0052530334418467006,9606,Homo sapiens,"DLG4;MAPT","","R-HSA-432164;R-HSA-9619542;R-HSA-432162;R-HSA-9611030;R-HSA-9612085;R-HSA-9619515;R-HSA-442732;R-HSA-432172;R-HSA-9618750;R-HSA-9610879;R-HSA-442760;R-HSA-9610653;R-HSA-445367;R-HSA-438037;R-HSA-9611368;R-HSA-9614185;R-HSA-9617326"
R-HSA-9659787,"Aberrant regulation of mitotic G1/S transition in cancer due to RB1 defects",1,17,0.0011690276440654655,0.054599045988556694,0.21720278924014902,2,2,1.479727730097662E-4,9606,Homo sapiens,"RB1","","R-HSA-9660615;R-HSA-9659782"
R-HSA-9661069,"Defective binding of RB1 mutants to E2F1,(E2F2, E2F3)",1,17,0.0011690276440654655,0.054599045988556694,0.21720278924014902,1,1,7.39863865048831E-5,9606,Homo sapiens,"RB1","","R-HSA-9659782"
R-HSA-975110,"TRAF6 mediated IRF7 activation in TLR7/8 or 9 signaling",1,17,0.0011690276440654655,0.054599045988556694,0.21720278924014902,3,5,3.699319325244155E-4,9606,Homo sapiens,"IRAK4","","R-HSA-975118;R-HSA-975188;R-HSA-975106"
R-HSA-2559584,"Formation of Senescence-Associated Heterochromatin Foci (SAHF)",1,17,0.0011690276440654655,0.054599045988556694,0.21720278924014902,1,2,1.479727730097662E-4,9606,Homo sapiens,"RB1","","R-HSA-4647594"
R-HSA-9682706,"Replication of the SARS-CoV-1 genome",1,17,0.0011690276440654655,0.054599045988556694,0.21720278924014902,1,21,0.0015537141166025452,9606,Homo sapiens,"RB1","","R-HSA-9682712"
R-HSA-9694686,"Replication of the SARS-CoV-2 genome",1,18,0.0012377939760693166,0.0577182132276548,0.21720278924014902,1,21,0.0015537141166025452,9606,Homo sapiens,"RB1","","R-HSA-9694390"
R-HSA-9679514,"SARS-CoV-1 Genome Replication and Transcription",1,18,0.0012377939760693166,0.0577182132276548,0.21720278924014902,1,26,0.0019236460491269607,9606,Homo sapiens,"RB1","","R-HSA-9682712"
R-HSA-9694682,"SARS-CoV-2 Genome Replication and Transcription",1,19,0.0013065603080731675,0.06082730308370854,0.21720278924014902,1,26,0.0019236460491269607,9606,Homo sapiens,"RB1","","R-HSA-9694390"
R-HSA-9687136,"Aberrant regulation of mitotic exit in cancer due to RB1 defects",1,20,0.0013753266400770184,0.06392634742411352,0.21720278924014902,1,1,7.39863865048831E-5,9606,Homo sapiens,"RB1","","R-HSA-9687377"
R-HSA-400511,"Synthesis, secretion, and inactivation of Glucose-dependent Insulinotropic Polypeptide (GIP)",1,22,0.0015128593040847202,0.07009442653497178,0.21720278924014902,1,7,5.179047055341817E-4,9606,Homo sapiens,"PAX6","","R-HSA-400500"
R-HSA-111471,"Apoptotic factor-mediated response",1,23,0.001581625636088571,0.07316352454847652,0.21720278924014902,12,28,0.0020716188221367266,9606,Homo sapiens,"CASP9","","R-HSA-114256;R-HSA-114259;R-HSA-9627056;R-HSA-9627089;R-HSA-6804596;R-HSA-114261;R-HSA-9627078;R-HSA-6805426;R-HSA-114361;R-HSA-114440;R-HSA-6804652;R-HSA-114252"
R-HSA-8849932,"Synaptic adhesion-like molecules",1,23,0.001581625636088571,0.07316352454847652,0.21720278924014902,3,8,5.918910920390648E-4,9606,Homo sapiens,"DLG4","","R-HSA-8849878;R-HSA-8849891;R-HSA-8849906"
R-HSA-5625900,"RHO GTPases activate CIT",1,23,0.001581625636088571,0.07316352454847652,0.21720278924014902,1,6,4.439183190292986E-4,9606,Homo sapiens,"DLG4","","R-HSA-5671993"
R-HSA-113510,"E2F mediated regulation of DNA replication",1,24,0.001650391968092422,0.0762227035330495,0.21720278924014902,2,4,2.959455460195324E-4,9606,Homo sapiens,"RB1","","R-HSA-113643;R-HSA-113503"
R-HSA-438066,"Unblocking of NMDA receptors, glutamate binding and activation",1,27,0.0018566909641039746,0.08534103960222228,0.21720278924014902,5,5,3.699319325244155E-4,9606,Homo sapiens,"DLG4","","R-HSA-432164;R-HSA-438037;R-HSA-432162;R-HSA-432172;R-HSA-9614185"
R-HSA-5603041,"IRAK4 deficiency (TLR2/4)",1,27,0.0018566909641039746,0.08534103960222228,0.21720278924014902,2,2,1.479727730097662E-4,9606,Homo sapiens,"IRAK4","","R-HSA-5602353;R-HSA-5602672"
R-HSA-442982,"Ras activation upon Ca2+ influx through NMDA receptor",1,27,0.0018566909641039746,0.08534103960222228,0.21720278924014902,2,2,1.479727730097662E-4,9606,Homo sapiens,"DLG4","","R-HSA-442732;R-HSA-442760"
R-HSA-9617324,"Negative regulation of NMDA receptor-mediated neuronal transmission",1,27,0.0018566909641039746,0.08534103960222228,0.21720278924014902,1,4,2.959455460195324E-4,9606,Homo sapiens,"DLG4","","R-HSA-9617326"
R-HSA-2173795,"Downregulation of SMAD2/3:SMAD4 transcriptional activity",1,27,0.0018566909641039746,0.08534103960222228,0.21720278924014902,3,21,0.0015537141166025452,9606,Homo sapiens,"NCOR2","","R-HSA-2186741;R-HSA-2186747;R-HSA-173481"
R-HSA-350054,"Notch-HLH transcription pathway",1,28,0.0019254572961078255,0.08836085527576731,0.21720278924014902,1,2,1.479727730097662E-4,9606,Homo sapiens,"NCOR2","","R-HSA-350058"
R-HSA-5674400,"Constitutive Signaling by AKT1 E17K in Cancer",1,29,0.0019942236281116766,0.09137090783940305,0.21720278924014902,1,18,0.0013317549570878958,9606,Homo sapiens,"CASP9","","R-HSA-2399985"
R-HSA-1474244,"Extracellular matrix organization",3,329,0.022624123229266952,0.09466828327399734,0.21720278924014902,4,319,0.02360165729505771,9606,Homo sapiens,"TNXB;LTBP3","","R-HSA-2328033;R-HSA-2424246;R-HSA-2395328;R-HSA-2681681"
R-HSA-1296041,"Activation of G protein gated Potassium channels",1,31,0.0021317562921193784,0.09736184712061635,0.21720278924014902,3,3,2.219591595146493E-4,9606,Homo sapiens,"GABBR1","","R-HSA-1013020;R-HSA-1013013;R-HSA-1013012"
R-HSA-1296059,"G protein gated Potassium channels",1,31,0.0021317562921193784,0.09736184712061635,0.21720278924014902,3,3,2.219591595146493E-4,9606,Homo sapiens,"GABBR1","","R-HSA-1013020;R-HSA-1013013;R-HSA-1013012"
R-HSA-997272,"Inhibition  of voltage gated Ca2+ channels via Gbeta/gamma subunits",1,31,0.0021317562921193784,0.09736184712061635,0.21720278924014902,3,3,2.219591595146493E-4,9606,Homo sapiens,"GABBR1","","R-HSA-1013020;R-HSA-1013013;R-HSA-1013012"
R-HSA-9620244,"Long-term potentiation",1,31,0.0021317562921193784,0.09736184712061635,0.21720278924014902,3,7,5.179047055341817E-4,9606,Homo sapiens,"DLG4","","R-HSA-445367;R-HSA-9612085;R-HSA-9618750"
R-HSA-5357769,"Caspase activation via extrinsic apoptotic signalling pathway",1,32,0.002200522624123229,0.10034279534119561,0.21720278924014902,2,17,0.0012577685705830127,9606,Homo sapiens,"CASP9","","R-HSA-373700;R-HSA-418845"
R-HSA-112315,"Transmission across Chemical Synapses",3,341,0.023449319213313162,0.10262913670280127,0.21720278924014902,24,163,0.012059781000295946,9606,Homo sapiens,"GABBR1;DLG4;MAPT","","R-HSA-432164;R-HSA-9619542;R-HSA-432162;R-HSA-9611030;R-HSA-416320;R-HSA-9612085;R-HSA-9619515;R-HSA-451311;R-HSA-442732;R-HSA-432172;R-HSA-9618750;R-HSA-9610879;R-HSA-442760;R-HSA-9610653;R-HSA-445367;R-HSA-438037;R-HSA-1013020;R-HSA-451283;R-HSA-420688;R-HSA-9611368;R-HSA-1013013;R-HSA-9614185;R-HSA-1013012;R-HSA-9617326"
R-HSA-9619483,"Activation of AMPK downstream of NMDARs",1,34,0.002338055288130931,0.10627580198638087,0.21720278924014902,2,3,2.219591595146493E-4,9606,Homo sapiens,"MAPT","","R-HSA-9619542;R-HSA-9619515"
R-HSA-451326,"Activation of kainate receptors upon glutamate binding",1,34,0.002338055288130931,0.10627580198638087,0.21720278924014902,2,6,4.439183190292986E-4,9606,Homo sapiens,"DLG4","","R-HSA-451283;R-HSA-451311"
R-HSA-8940973,"RUNX2 regulates osteoblast differentiation",1,34,0.002338055288130931,0.10627580198638087,0.21720278924014902,5,24,0.0017756732761171944,9606,Homo sapiens,"RB1","","R-HSA-8985627;R-HSA-8985485;R-HSA-8985644;R-HSA-8877922;R-HSA-8985460"
R-HSA-210745,"Regulation of gene expression in beta cells",1,35,0.002406821620134782,0.10922792134444703,0.21720278924014902,2,12,8.878366380585972E-4,9606,Homo sapiens,"PAX6","","R-HSA-211289;R-HSA-211272"
R-HSA-9687139,"Aberrant regulation of mitotic cell cycle due to RB1 defects",1,36,0.002475587952138633,0.11217049185792693,0.21720278924014902,3,3,2.219591595146493E-4,9606,Homo sapiens,"RB1","","R-HSA-9687377;R-HSA-9660615;R-HSA-9659782"
R-HSA-1250196,"SHC1 events in ERBB2 signaling",1,36,0.002475587952138633,0.11217049185792693,0.21720278924014902,2,6,4.439183190292986E-4,9606,Homo sapiens,"PTPN12","","R-HSA-1963578;R-HSA-8934465"
R-HSA-8863795,"Downregulation of ERBB2 signaling",1,36,0.002475587952138633,0.11217049185792693,0.21720278924014902,1,14,0.0010358094110683633,9606,Homo sapiens,"PTPN12","","R-HSA-8863804"
R-HSA-1227990,"Signaling by ERBB2 in Cancer",1,36,0.002475587952138633,0.11217049185792693,0.21720278924014902,1,62,0.0045871559633027525,9606,Homo sapiens,"PTPN12","","R-HSA-9634391"
R-HSA-1989781,"PPARA activates gene expression",2,175,0.01203410810067391,0.11375584158106833,0.21720278924014902,2,41,0.0030334418467002073,9606,Homo sapiens,"NCOR2;AHRR","","R-HSA-1989764;R-HSA-1989765"
R-HSA-399719,"Trafficking of AMPA receptors",1,37,0.002544354284142484,0.11510354375817988,0.21720278924014902,1,4,2.959455460195324E-4,9606,Homo sapiens,"DLG4","","R-HSA-416320"
R-HSA-182971,"EGFR downregulation",1,37,0.002544354284142484,0.11510354375817988,0.21720278924014902,1,22,0.0016277005031074283,9606,Homo sapiens,"PTPN12","","R-HSA-8864029"
R-HSA-400206,"Regulation of lipid metabolism by PPARalpha",2,177,0.012171640764681612,0.11590056242571745,0.21720278924014902,4,44,0.0032554010062148565,9606,Homo sapiens,"NCOR2;AHRR","","R-HSA-400183;R-HSA-400143;R-HSA-1989764;R-HSA-1989765"
R-HSA-9675126,"Diseases of mitotic cell cycle",1,38,0.002613120616146335,0.11802710718292797,0.21720278924014902,3,5,3.699319325244155E-4,9606,Homo sapiens,"RB1","","R-HSA-9687377;R-HSA-9660615;R-HSA-9659782"
R-HSA-1296065,"Inwardly rectifying K+ channels",1,38,0.002613120616146335,0.11802710718292797,0.21720278924014902,3,7,5.179047055341817E-4,9606,Homo sapiens,"GABBR1","","R-HSA-1013020;R-HSA-1013013;R-HSA-1013012"
R-HSA-111465,"Apoptotic cleavage of cellular proteins",1,38,0.002613120616146335,0.11802710718292797,0.21720278924014902,1,38,0.0028114826871855577,9606,Homo sapiens,"MAPT","","R-HSA-201629"
R-HSA-442742,"CREB1 phosphorylation through NMDA receptor-mediated activation of RAS signaling",1,39,0.0026818869481501856,0.12094121217652554,0.21720278924014902,2,7,5.179047055341817E-4,9606,Homo sapiens,"DLG4","","R-HSA-442732;R-HSA-442760"
R-HSA-8939243,"RUNX1 interacts with co-factors whose precise effect on RUNX1 targets is not known",1,39,0.0026818869481501856,0.12094121217652554,0.21720278924014902,1,5,3.699319325244155E-4,9606,Homo sapiens,"ARID1A","","R-HSA-8938217"
R-HSA-399721,"Glutamate binding, activation of AMPA receptors and synaptic plasticity",1,39,0.0026818869481501856,0.12094121217652554,0.21720278924014902,1,9,6.658774785439479E-4,9606,Homo sapiens,"DLG4","","R-HSA-416320"
R-HSA-9022692,"Regulation of MECP2 expression and activity",1,39,0.0026818869481501856,0.12094121217652554,0.21720278924014902,1,14,0.0010358094110683633,9606,Homo sapiens,"NCOR2","","R-HSA-8986939"
R-HSA-168638,"NOD1/2 Signaling Pathway",1,40,0.0027506532801540367,0.1238458886902698,0.21720278924014902,1,18,0.0013317549570878958,9606,Homo sapiens,"CASP9","","R-HSA-622420"
R-HSA-5602358,"Diseases associated with the TLR signaling cascade",1,42,0.0028881859441617385,0.1296270756197102,0.21720278924014902,4,15,0.0011097957975732466,9606,Homo sapiens,"IRAK4","","R-HSA-5602353;R-HSA-5602672;R-HSA-5602472;R-HSA-5602603"
R-HSA-5260271,"Diseases of Immune System",1,42,0.0028881859441617385,0.1296270756197102,0.21720278924014902,4,15,0.0011097957975732466,9606,Homo sapiens,"IRAK4","","R-HSA-5602353;R-HSA-5602672;R-HSA-5602472;R-HSA-5602603"
R-HSA-2559585,"Oncogene Induced Senescence",1,42,0.0028881859441617385,0.1296270756197102,0.21720278924014902,1,19,0.0014057413435927789,9606,Homo sapiens,"RB1","","R-HSA-3209109"
R-HSA-109581,"Apoptosis",2,192,0.013203135744739376,0.13230621080002292,0.21720278924014902,15,141,0.010432080497188518,9606,Homo sapiens,"CASP9;MAPT","","R-HSA-373700;R-HSA-9627056;R-HSA-9627089;R-HSA-114440;R-HSA-6804652;R-HSA-114252;R-HSA-114256;R-HSA-114259;R-HSA-6804596;R-HSA-114261;R-HSA-9627078;R-HSA-6805426;R-HSA-114361;R-HSA-418845;R-HSA-201629"
R-HSA-8941326,"RUNX2 regulates bone development",1,43,0.002956952276165589,0.13250364547516535,0.21720278924014902,5,32,0.0023675643681562593,9606,Homo sapiens,"RB1","","R-HSA-8985627;R-HSA-8985485;R-HSA-8985644;R-HSA-8877922;R-HSA-8985460"
R-HSA-381771,"Synthesis, secretion, and inactivation of Glucagon-like Peptide-1 (GLP-1)",1,44,0.0030257186081694403,0.1353709057308592,0.21720278924014902,1,7,5.179047055341817E-4,9606,Homo sapiens,"PAX6","","R-HSA-381799"
R-HSA-3899300,"SUMOylation of transcription cofactors",1,44,0.0030257186081694403,0.1353709057308592,0.21720278924014902,1,27,0.0019976324356318436,9606,Homo sapiens,"NCOR2","","R-HSA-3927886"
R-HSA-400508,"Incretin synthesis, secretion, and inactivation",1,48,0.003300783936184844,0.14674743918974686,0.21720278924014902,2,14,0.0010358094110683633,9606,Homo sapiens,"PAX6","","R-HSA-400500;R-HSA-381799"
R-HSA-977444,"GABA B receptor activation",1,49,0.003369550268188695,0.14956859197517514,0.21720278924014902,4,9,6.658774785439479E-4,9606,Homo sapiens,"GABBR1","","R-HSA-1013020;R-HSA-420688;R-HSA-1013013;R-HSA-1013012"
R-HSA-991365,"Activation of GABAB receptors",1,49,0.003369550268188695,0.14956859197517514,0.21720278924014902,3,8,5.918910920390648E-4,9606,Homo sapiens,"GABBR1","","R-HSA-1013020;R-HSA-1013013;R-HSA-1013012"
R-HSA-9609736,"Assembly and cell surface presentation of NMDA receptors",1,49,0.003369550268188695,0.14956859197517514,0.21720278924014902,4,23,0.0017016868896123113,9606,Homo sapiens,"DLG4","","R-HSA-9611030;R-HSA-9611368;R-HSA-9610879;R-HSA-9610653"
R-HSA-8854214,"TBC/RABGAPs",1,49,0.003369550268188695,0.14956859197517514,0.21720278924014902,1,14,0.0010358094110683633,9606,Homo sapiens,"TBC1D15","","R-HSA-8854329"
R-HSA-68877,"Mitotic Prometaphase",2,211,0.014509696052812543,0.15379560933059633,0.21720278924014902,8,20,0.001479727730097662,9606,Homo sapiens,"CROCC;MAD1L1","","R-HSA-9648114;R-HSA-2484822;R-HSA-375302;R-HSA-380316;R-HSA-380508;R-HSA-1638803;R-HSA-2468287;R-HSA-1638821"
R-HSA-69236,"G1 Phase",1,51,0.003507082932196397,0.15518352441931071,0.21720278924014902,3,15,0.0011097957975732466,9606,Homo sapiens,"RB1","","R-HSA-9018017;R-HSA-69227;R-HSA-9659820"
R-HSA-69231,"Cyclin D associated events in G1",1,51,0.003507082932196397,0.15518352441931071,0.21720278924014902,3,15,0.0011097957975732466,9606,Homo sapiens,"RB1","","R-HSA-9018017;R-HSA-69227;R-HSA-9659820"
R-HSA-68886,"M Phase",3,416,0.02860679411360198,0.1578351656465118,0.21720278924014902,12,91,0.006732761171944362,9606,Homo sapiens,"RB1;CROCC;MAD1L1","","R-HSA-9648114;R-HSA-2288097;R-HSA-2484822;R-HSA-375302;R-HSA-2467809;R-HSA-2467811;R-HSA-380316;R-HSA-380508;R-HSA-1638803;R-HSA-2468287;R-HSA-2172666;R-HSA-1638821"
R-HSA-3214858,"RMTs methylate histone arginines",1,53,0.0036446155962040986,0.1607621518856408,0.21720278924014902,3,22,0.0016277005031074283,9606,Homo sapiens,"ARID1A","","R-HSA-5205799;R-HSA-3215448;R-HSA-5205861"
R-HSA-75153,"Apoptotic execution phase",1,54,0.0037133819282079493,0.16353792311328763,0.21720278924014902,1,57,0.004217224030778337,9606,Homo sapiens,"MAPT","","R-HSA-201629"
R-HSA-2299718,"Condensation of Prophase Chromosomes",1,55,0.0037821482602118004,0.16630470415169984,0.21720278924014902,2,10,7.39863865048831E-4,9606,Homo sapiens,"RB1","","R-HSA-2288097;R-HSA-2172666"
R-HSA-2173793,"Transcriptional activity of SMAD2/SMAD3:SMAD4 heterotrimer",1,55,0.0037821482602118004,0.16630470415169984,0.21720278924014902,3,38,0.0028114826871855577,9606,Homo sapiens,"NCOR2","","R-HSA-2186741;R-HSA-2186747;R-HSA-173481"
R-HSA-2122947,"NOTCH1 Intracellular Domain Regulates Transcription",1,57,0.003919680924219502,0.1718114095721578,0.21720278924014902,1,18,0.0013317549570878958,9606,Homo sapiens,"NCOR2","","R-HSA-1912388"
R-HSA-8866654,"E3 ubiquitin ligases ubiquitinate target proteins",1,61,0.004194746252234906,0.18271818623231695,0.21720278924014902,2,16,0.0011837821840781297,9606,Homo sapiens,"PEX10","","R-HSA-8953946;R-HSA-8953917"
R-HSA-177929,"Signaling by EGFR",1,61,0.004194746252234906,0.18271818623231695,0.21720278924014902,1,49,0.003625332938739272,9606,Homo sapiens,"PTPN12","","R-HSA-8864029"
R-HSA-5357801,"Programmed Cell Death",2,238,0.016366387016916516,0.18538976848537425,0.21720278924014902,15,197,0.014575318141461971,9606,Homo sapiens,"CASP9;MAPT","","R-HSA-373700;R-HSA-9627056;R-HSA-9627089;R-HSA-114440;R-HSA-6804652;R-HSA-114252;R-HSA-114256;R-HSA-114259;R-HSA-6804596;R-HSA-114261;R-HSA-9627078;R-HSA-6805426;R-HSA-114361;R-HSA-418845;R-HSA-201629"
R-HSA-6811436,"COPI-independent Golgi-to-ER retrograde traffic",1,63,0.004332278916242608,0.18811870714433354,0.21720278924014902,3,7,5.179047055341817E-4,9606,Homo sapiens,"GALNT2","","R-HSA-8849350;R-HSA-8849348;R-HSA-8849353"
R-HSA-3214815,"HDACs deacetylate histones",1,63,0.004332278916242608,0.18811870714433354,0.21720278924014902,1,5,3.699319325244155E-4,9606,Homo sapiens,"NCOR2","","R-HSA-3777129"
R-HSA-109606,"Intrinsic Pathway for Apoptosis",1,64,0.004401045248246458,0.1908058484260593,0.21720278924014902,12,62,0.0045871559633027525,9606,Homo sapiens,"CASP9","","R-HSA-114256;R-HSA-114259;R-HSA-9627056;R-HSA-9627089;R-HSA-6804596;R-HSA-114261;R-HSA-9627078;R-HSA-6805426;R-HSA-114361;R-HSA-114440;R-HSA-6804652;R-HSA-114252"
R-HSA-9029569,"NR1H3 & NR1H2 regulate gene expression linked to cholesterol transport and efflux",1,66,0.0045385779122541605,0.1961540312112683,0.21720278924014902,2,40,0.002959455460195324,9606,Homo sapiens,"NCOR2","","R-HSA-9024334;R-HSA-9024326"
R-HSA-9033241,"Peroxisomal protein import",1,67,0.004607344244258012,0.1988151278850112,0.21720278924014902,12,26,0.0019236460491269607,9606,Homo sapiens,"PEX10","","R-HSA-8953946;R-HSA-9033499;R-HSA-9033514;R-HSA-9033485;R-HSA-9033533;R-HSA-9033516;R-HSA-8953917;R-HSA-9033505;R-HSA-9033235;R-HSA-9033236;R-HSA-9033527;R-HSA-9033238"
R-HSA-977443,"GABA receptor activation",1,67,0.004607344244258012,0.1988151278850112,0.21720278924014902,4,12,8.878366380585972E-4,9606,Homo sapiens,"GABBR1","","R-HSA-1013020;R-HSA-420688;R-HSA-1013013;R-HSA-1013012"
R-HSA-186712,"Regulation of beta-cell development",1,67,0.004607344244258012,0.1988151278850112,0.21720278924014902,2,26,0.0019236460491269607,9606,Homo sapiens,"PAX6","","R-HSA-211289;R-HSA-211272"
R-HSA-1227986,"Signaling by ERBB2",1,68,0.004676110576261862,0.2014675980503755,0.21720278924014902,3,46,0.0034033737792246227,9606,Homo sapiens,"PTPN12","","R-HSA-1963578;R-HSA-8934465;R-HSA-8863804"
R-HSA-2894862,"Constitutive Signaling by NOTCH1 HD+PEST Domain Mutants",1,68,0.004676110576261862,0.2014675980503755,0.21720278924014902,1,21,0.0015537141166025452,9606,Homo sapiens,"NCOR2","","R-HSA-2220982"
R-HSA-2644606,"Constitutive Signaling by NOTCH1 PEST Domain Mutants",1,68,0.004676110576261862,0.2014675980503755,0.21720278924014902,1,21,0.0015537141166025452,9606,Homo sapiens,"NCOR2","","R-HSA-2220982"
R-HSA-2644602,"Signaling by NOTCH1 PEST Domain Mutants in Cancer",1,68,0.004676110576261862,0.2014675980503755,0.21720278924014902,1,21,0.0015537141166025452,9606,Homo sapiens,"NCOR2","","R-HSA-2220982"
R-HSA-2894858,"Signaling by NOTCH1 HD+PEST Domain Mutants in Cancer",1,68,0.004676110576261862,0.2014675980503755,0.21720278924014902,1,21,0.0015537141166025452,9606,Homo sapiens,"NCOR2","","R-HSA-2220982"
R-HSA-2644603,"Signaling by NOTCH1 in Cancer",1,68,0.004676110576261862,0.2014675980503755,0.21720278924014902,1,39,0.002885469073690441,9606,Homo sapiens,"NCOR2","","R-HSA-2220982"
R-HSA-211976,"Endogenous sterols",1,70,0.004813643240269564,0.20674676825720428,0.21720278924014902,1,18,0.0013317549570878958,9606,Homo sapiens,"AHRR","","R-HSA-211951"
R-HSA-186797,"Signaling by PDGF",1,70,0.004813643240269564,0.20674676825720428,0.21720278924014902,1,31,0.0022935779816513763,9606,Homo sapiens,"PTPN12","","R-HSA-8864036"
R-HSA-4839726,"Chromatin organization",2,256,0.017604180992985833,0.20695369139739495,0.21720278924014902,4,85,0.0062888428529150634,9606,Homo sapiens,"NCOR2;ARID1A","","R-HSA-3777129;R-HSA-5205799;R-HSA-3215448;R-HSA-5205861"
R-HSA-3247509,"Chromatin modifying enzymes",2,256,0.017604180992985833,0.20695369139739495,0.21720278924014902,4,85,0.0062888428529150634,9606,Homo sapiens,"NCOR2;ARID1A","","R-HSA-3777129;R-HSA-5205799;R-HSA-3215448;R-HSA-5205861"
R-HSA-380284,"Loss of proteins required for interphase microtubule organization from the centrosome",1,71,0.004882409572273415,0.2093735227871214,0.21720278924014902,3,3,2.219591595146493E-4,9606,Homo sapiens,"CROCC","","R-HSA-380294;R-HSA-380272;R-HSA-380303"
R-HSA-380259,"Loss of Nlp from mitotic centrosomes",1,71,0.004882409572273415,0.2093735227871214,0.21720278924014902,2,2,1.479727730097662E-4,9606,Homo sapiens,"CROCC","","R-HSA-380272;R-HSA-380303"
R-HSA-2559586,"DNA Damage/Telomere Stress Induced Senescence",1,71,0.004882409572273415,0.2093735227871214,0.21720278924014902,1,18,0.0013317549570878958,9606,Homo sapiens,"RB1","","R-HSA-4647594"
R-HSA-168643,"Nucleotide-binding domain, leucine rich repeat containing receptor (NLR) signaling pathways",1,71,0.004882409572273415,0.2093735227871214,0.21720278924014902,1,46,0.0034033737792246227,9606,Homo sapiens,"CASP9","","R-HSA-622420"
R-HSA-913709,"O-linked glycosylation of mucins",1,73,0.0050199422362811165,0.21460150628733832,0.21720278924014902,1,17,0.0012577685705830127,9606,Homo sapiens,"GALNT2","","R-HSA-913675"
R-HSA-211981,"Xenobiotics",1,73,0.0050199422362811165,0.21460150628733832,0.21720278924014902,1,22,0.0016277005031074283,9606,Homo sapiens,"AHRR","","R-HSA-76472"
R-HSA-8854518,"AURKA Activation by TPX2",1,74,0.005088708568284968,0.21720278924014902,0.21720278924014902,2,2,1.479727730097662E-4,9606,Homo sapiens,"CROCC","","R-HSA-8853405;R-HSA-8853419"
R-HSA-174178,"APC/C:Cdh1 mediated degradation of Cdc20 and other APC/C:Cdh1 targeted proteins in late mitosis/early G1",1,74,0.005088708568284968,0.21720278924014902,0.21720278924014902,3,6,4.439183190292986E-4,9606,Homo sapiens,"RB1","","R-HSA-9686980;R-HSA-9686969;R-HSA-188191"
R-HSA-5663202,"Diseases of signal transduction by growth factor receptors and second messengers",3,499,0.03431439966992161,0.2272234706102536,0.2272234706102536,3,484,0.03580941106836342,9606,Homo sapiens,"CASP9;NCOR2;PTPN12","","R-HSA-9634391;R-HSA-2399985;R-HSA-2220982"
R-HSA-3000178,"ECM proteoglycans",1,79,0.005432540228304222,0.23008318815904527,0.23008318815904527,2,23,0.0017016868896123113,9606,Homo sapiens,"TNXB","","R-HSA-2424246;R-HSA-2681681"
R-HSA-380270,"Recruitment of mitotic centrosome proteins and complexes",1,81,0.005570072892311924,0.23517703678393242,0.23517703678393242,3,3,2.219591595146493E-4,9606,Homo sapiens,"CROCC","","R-HSA-380311;R-HSA-380455;R-HSA-380283"
R-HSA-1236394,"Signaling by ERBB4",1,82,0.005638839224315775,0.23771157153463507,0.23771157153463507,1,52,0.0038472920982539215,9606,Homo sapiens,"DLG4","","R-HSA-9612593"
R-HSA-380287,"Centrosome maturation",1,83,0.005707605556319626,0.24023788154502035,0.24023788154502035,6,6,4.439183190292986E-4,9606,Homo sapiens,"CROCC","","R-HSA-380311;R-HSA-380455;R-HSA-380294;R-HSA-380272;R-HSA-380303;R-HSA-380283"
R-HSA-8852135,"Protein ubiquitination",1,84,0.005776371888323477,0.24275599293886574,0.24275599293886574,2,32,0.0023675643681562593,9606,Homo sapiens,"PEX10","","R-HSA-8953946;R-HSA-8953917"
R-HSA-1980143,"Signaling by NOTCH1",1,84,0.005776371888323477,0.24275599293886574,0.24275599293886574,1,39,0.002885469073690441,9606,Homo sapiens,"NCOR2","","R-HSA-1912388"
R-HSA-9024446,"NR1H2 and NR1H3-mediated signaling",1,85,0.005845138220327328,0.2452659317587832,0.2452659317587832,4,60,0.004439183190292986,9606,Homo sapiens,"NCOR2","","R-HSA-9029517;R-HSA-9024334;R-HSA-9029566;R-HSA-9024326"
R-HSA-170834,"Signaling by TGF-beta Receptor Complex",1,85,0.005845138220327328,0.2452659317587832,0.2452659317587832,3,82,0.006066883693400415,9606,Homo sapiens,"NCOR2","","R-HSA-2186741;R-HSA-2186747;R-HSA-173481"
R-HSA-383280,"Nuclear Receptor transcription pathway",1,86,0.005913904552331178,0.2477677239664544,0.2477677239664544,1,2,1.479727730097662E-4,9606,Homo sapiens,"NCOR2","","R-HSA-382096"
R-HSA-69202,"Cyclin E associated events during G1/S transition ",1,88,0.006051437216338881,0.2527469719885693,0.2527469719885693,2,20,0.001479727730097662,9606,Homo sapiens,"RB1","","R-HSA-188386;R-HSA-188390"
R-HSA-69656,"Cyclin A:Cdk2-associated events at S phase entry",1,90,0.006188969880346582,0.25769394308935223,0.25769394308935223,1,19,0.0014057413435927789,9606,Homo sapiens,"RB1","","R-HSA-187948"
R-HSA-2565942,"Regulation of PLK1 Activity at G2/M Transition",1,92,0.006326502544354284,0.26260884207370605,0.26260884207370605,4,12,8.878366380585972E-4,9606,Homo sapiens,"CROCC","","R-HSA-3000319;R-HSA-2574845;R-HSA-3000310;R-HSA-2574840"
R-HSA-9013404,"RAC2 GTPase cycle",1,92,0.006326502544354284,0.26260884207370605,0.26260884207370605,1,10,7.39863865048831E-4,9606,Homo sapiens,"TAOK3","","R-HSA-9014294"
R-HSA-174143,"APC/C-mediated degradation of cell cycle proteins",1,92,0.006326502544354284,0.26260884207370605,0.26260884207370605,3,40,0.002959455460195324,9606,Homo sapiens,"RB1","","R-HSA-9686980;R-HSA-9686969;R-HSA-188191"
R-HSA-453276,"Regulation of mitotic cell cycle",1,92,0.006326502544354284,0.26260884207370605,0.26260884207370605,3,40,0.002959455460195324,9606,Homo sapiens,"RB1","","R-HSA-9686980;R-HSA-9686969;R-HSA-188191"
R-HSA-9678108,"SARS-CoV-1 Infection",1,93,0.006395268876358135,0.26505432817587704,0.26505432817587704,1,111,0.008212488902042025,9606,Homo sapiens,"RB1","","R-HSA-9682712"
R-HSA-141424,"Amplification of signal from the kinetochores",1,94,0.006464035208361986,0.26749187247507655,0.26749187247507655,4,4,2.959455460195324E-4,9606,Homo sapiens,"MAD1L1","","R-HSA-141409;R-HSA-141431;R-HSA-141422;R-HSA-141439"
R-HSA-141444,"Amplification  of signal from unattached  kinetochores via a MAD2  inhibitory signal",1,94,0.006464035208361986,0.26749187247507655,0.26749187247507655,4,4,2.959455460195324E-4,9606,Homo sapiens,"MAD1L1","","R-HSA-141409;R-HSA-141431;R-HSA-141422;R-HSA-141439"
R-HSA-975871,"MyD88 cascade initiated on plasma membrane",1,94,0.006464035208361986,0.26749187247507655,0.26749187247507655,9,58,0.00429121041728322,9606,Homo sapiens,"IRAK4","","R-HSA-975852;R-HSA-975853;R-HSA-975865;R-HSA-975878;R-HSA-975879;R-HSA-975861;R-HSA-975874;R-HSA-975857;R-HSA-975873"
R-HSA-168142,"Toll Like Receptor 10 (TLR10) Cascade",1,94,0.006464035208361986,0.26749187247507655,0.26749187247507655,9,59,0.004365196803788103,9606,Homo sapiens,"IRAK4","","R-HSA-975852;R-HSA-975853;R-HSA-975865;R-HSA-975878;R-HSA-975879;R-HSA-975861;R-HSA-975874;R-HSA-975857;R-HSA-975873"
R-HSA-168176,"Toll Like Receptor 5 (TLR5) Cascade",1,94,0.006464035208361986,0.26749187247507655,0.26749187247507655,9,59,0.004365196803788103,9606,Homo sapiens,"IRAK4","","R-HSA-975852;R-HSA-975853;R-HSA-975865;R-HSA-975878;R-HSA-975879;R-HSA-975861;R-HSA-975874;R-HSA-975857;R-HSA-975873"
R-HSA-380320,"Recruitment of NuMA to mitotic centrosomes",1,97,0.006670334204373539,0.27475710660534625,0.27475710660534625,2,2,1.479727730097662E-4,9606,Homo sapiens,"CROCC","","R-HSA-380316;R-HSA-380508"
R-HSA-420499,"Class C/3 (Metabotropic glutamate/pheromone receptors)",1,97,0.006670334204373539,0.27475710660534625,0.27475710660534625,1,7,5.179047055341817E-4,9606,Homo sapiens,"GABBR1","","R-HSA-420688"
R-HSA-5620912,"Anchoring of the basal body to the plasma membrane",1,99,0.00680786686838124,0.2795613477336405,0.2795613477336405,8,9,6.658774785439479E-4,9606,Homo sapiens,"CROCC","","R-HSA-5626228;R-HSA-5626227;R-HSA-5626220;R-HSA-5626223;R-HSA-5626681;R-HSA-5617816;R-HSA-5626699;R-HSA-5638009"
R-HSA-9013423,"RAC3 GTPase cycle",1,100,0.006876633200385091,0.2819517686055951,0.2819517686055951,1,6,4.439183190292986E-4,9606,Homo sapiens,"TAOK3","","R-HSA-9018808"
R-HSA-8986944,"Transcriptional Regulation by MECP2",1,100,0.006876633200385091,0.2819517686055951,0.2819517686055951,1,77,0.005696951760875999,9606,Homo sapiens,"NCOR2","","R-HSA-8986939"
R-HSA-1257604,"PIP3 activates AKT signaling",2,319,0.02193645990922844,0.28391411674747635,0.28391411674747635,2,86,0.006362829239419947,9606,Homo sapiens,"CASP9;IRAK4","","R-HSA-2316434;R-HSA-198621"
R-HSA-975138,"TRAF6 mediated induction of NFkB and MAP kinases upon TLR7/8 or 9 activation",1,101,0.0069453995323889425,0.28433442274428633,0.28433442274428633,1,48,0.003551346552234389,9606,Homo sapiens,"IRAK4","","R-HSA-975100"
R-HSA-975155,"MyD88 dependent cascade initiated on endosome",1,102,0.007014165864392794,0.2867093348494597,0.2867093348494597,12,63,0.004661142349807635,9606,Homo sapiens,"IRAK4","","R-HSA-975118;R-HSA-975134;R-HSA-975100;R-HSA-975180;R-HSA-975115;R-HSA-975160;R-HSA-975111;R-HSA-975188;R-HSA-975156;R-HSA-975125;R-HSA-975106;R-HSA-975170"
R-HSA-168181,"Toll Like Receptor 7/8 (TLR7/8) Cascade",1,103,0.007082932196396644,0.2890765295440131,0.2890765295440131,12,66,0.004883101509322285,9606,Homo sapiens,"IRAK4","","R-HSA-975118;R-HSA-975134;R-HSA-975100;R-HSA-975180;R-HSA-975115;R-HSA-975160;R-HSA-975111;R-HSA-975188;R-HSA-975156;R-HSA-975125;R-HSA-975106;R-HSA-975170"
R-HSA-195258,"RHO GTPase Effectors",2,326,0.022417824233255397,0.2924978929203895,0.2924978929203895,4,113,0.00836046167505179,9606,Homo sapiens,"DLG4;MAD1L1","","R-HSA-5666160;R-HSA-5666129;R-HSA-5666169;R-HSA-5671993"
R-HSA-168138,"Toll Like Receptor 9 (TLR9) Cascade",1,106,0.007289231192408197,0.29613205424505284,0.29613205424505284,12,68,0.005031074282332051,9606,Homo sapiens,"IRAK4","","R-HSA-975118;R-HSA-975134;R-HSA-975100;R-HSA-975180;R-HSA-975115;R-HSA-975160;R-HSA-975111;R-HSA-975188;R-HSA-975156;R-HSA-975125;R-HSA-975106;R-HSA-975170"
R-HSA-1296071,"Potassium Channels",1,107,0.0073579975244120474,0.2984686239972617,0.2984686239972617,3,19,0.0014057413435927789,9606,Homo sapiens,"GABBR1","","R-HSA-1013020;R-HSA-1013013;R-HSA-1013012"
R-HSA-9020702,"Interleukin-1 signaling",1,109,0.00749553018841975,0.30311900134624337,0.30311900134624337,12,47,0.0034773601657295057,9606,Homo sapiens,"IRAK4","","R-HSA-446694;R-HSA-446692;R-HSA-446868;R-HSA-450690;R-HSA-8948063;R-HSA-446862;R-HSA-446894;R-HSA-446684;R-HSA-446701;R-HSA-446634;R-HSA-450827;R-HSA-446648"
R-HSA-381340,"Transcriptional regulation of white adipocyte differentiation",1,109,0.00749553018841975,0.30311900134624337,0.30311900134624337,3,18,0.0013317549570878958,9606,Homo sapiens,"NCOR2","","R-HSA-381309;R-HSA-1183032;R-HSA-381290"
R-HSA-69618,"Mitotic Spindle Checkpoint",1,111,0.007633062852427452,0.30773918989002635,0.30773918989002635,4,7,5.179047055341817E-4,9606,Homo sapiens,"MAD1L1","","R-HSA-141409;R-HSA-141431;R-HSA-141422;R-HSA-141439"
R-HSA-9694516,"SARS-CoV-2 Infection",1,111,0.007633062852427452,0.30773918989002635,0.30773918989002635,1,118,0.008730393607576206,9606,Homo sapiens,"RB1","","R-HSA-9694390"
R-HSA-69278,"Cell Cycle, Mitotic",3,596,0.040984733874295146,0.3142371249299738,0.3142371249299738,35,350,0.025895235276709085,9606,Homo sapiens,"RB1;CROCC;MAD1L1","","R-HSA-2288097;R-HSA-375302;R-HSA-380294;R-HSA-2467809;R-HSA-2467811;R-HSA-1638803;R-HSA-380303;R-HSA-3000319;R-HSA-380311;R-HSA-9686980;R-HSA-380316;R-HSA-380508;R-HSA-2468287;R-HSA-2574845;R-HSA-8853405;R-HSA-2172666;R-HSA-3000310;R-HSA-188191;R-HSA-113503;R-HSA-2574840;R-HSA-188386;R-HSA-9648114;R-HSA-380455;R-HSA-188390;R-HSA-9018017;R-HSA-69227;R-HSA-9686969;R-HSA-113643;R-HSA-8853419;R-HSA-187948;R-HSA-2484822;R-HSA-380272;R-HSA-1638821;R-HSA-380283;R-HSA-9659820"
R-HSA-9006936,"Signaling by TGFB family members",1,114,0.007839361848439004,0.31461328800464505,0.31461328800464505,3,107,0.007916543356022493,9606,Homo sapiens,"NCOR2","","R-HSA-2186741;R-HSA-2186747;R-HSA-173481"
R-HSA-8856825,"Cargo recognition for clathrin-mediated endocytosis",1,115,0.007908128180442855,0.3168897667019235,0.3168897667019235,1,15,0.0011097957975732466,9606,Homo sapiens,"SYT9","","R-HSA-8863463"
R-HSA-5619507,"Activation of HOX genes during differentiation",1,116,0.007976894512446707,0.31915884119849103,0.31915884119849103,2,43,0.0031814146197099735,9606,Homo sapiens,"PAX6","","R-HSA-5617874;R-HSA-5617896"
R-HSA-5617472,"Activation of anterior HOX genes in hindbrain development during early embryogenesis",1,116,0.007976894512446707,0.31915884119849103,0.31915884119849103,2,43,0.0031814146197099735,9606,Homo sapiens,"PAX6","","R-HSA-5617874;R-HSA-5617896"
R-HSA-166058,"MyD88:MAL(TIRAP) cascade initiated on plasma membrane",1,118,0.008114427176454407,0.3236748718011272,0.3236748718011272,11,64,0.004735128736312519,9606,Homo sapiens,"IRAK4","","R-HSA-937022;R-HSA-166082;R-HSA-166119;R-HSA-2262775;R-HSA-166362;R-HSA-166091;R-HSA-166363;R-HSA-2262777;R-HSA-166286;R-HSA-937059;R-HSA-166284"
R-HSA-168188,"Toll Like Receptor TLR6:TLR2 Cascade",1,118,0.008114427176454407,0.3236748718011272,0.3236748718011272,11,66,0.004883101509322285,9606,Homo sapiens,"IRAK4","","R-HSA-937022;R-HSA-166082;R-HSA-166119;R-HSA-2262775;R-HSA-166362;R-HSA-166091;R-HSA-166363;R-HSA-2262777;R-HSA-166286;R-HSA-937059;R-HSA-166284"
R-HSA-9648025,"EML4 and NUDC in mitotic spindle formation",1,121,0.00832072617246596,0.3303939731000396,0.3303939731000396,1,5,3.699319325244155E-4,9606,Homo sapiens,"MAD1L1","","R-HSA-9648114"
R-HSA-168179,"Toll Like Receptor TLR1:TLR2 Cascade",1,121,0.00832072617246596,0.3303939731000396,0.3303939731000396,11,66,0.004883101509322285,9606,Homo sapiens,"IRAK4","","R-HSA-937022;R-HSA-166082;R-HSA-166119;R-HSA-2262775;R-HSA-166362;R-HSA-166091;R-HSA-166363;R-HSA-2262777;R-HSA-166286;R-HSA-937059;R-HSA-166284"
R-HSA-181438,"Toll Like Receptor 2 (TLR2) Cascade",1,121,0.00832072617246596,0.3303939731000396,0.3303939731000396,11,68,0.005031074282332051,9606,Homo sapiens,"IRAK4","","R-HSA-937022;R-HSA-166082;R-HSA-166119;R-HSA-2262775;R-HSA-166362;R-HSA-166091;R-HSA-166363;R-HSA-2262777;R-HSA-166286;R-HSA-937059;R-HSA-166284"
R-HSA-2219528,"PI3K/AKT Signaling in Cancer",1,124,0.008527025168477514,0.33704769913624266,0.33704769913624266,1,21,0.0015537141166025452,9606,Homo sapiens,"CASP9","","R-HSA-2399985"
R-HSA-9006925,"Intracellular signaling by second messengers",2,366,0.025168477513409435,0.34124029071787243,0.34124029071787243,2,114,0.008434448061556674,9606,Homo sapiens,"CASP9;IRAK4","","R-HSA-2316434;R-HSA-198621"
R-HSA-2980736,"Peptide hormone metabolism",1,127,0.008733324164489065,0.3436366725908172,0.3436366725908172,2,63,0.004661142349807635,9606,Homo sapiens,"PAX6","","R-HSA-400500;R-HSA-381799"
R-HSA-6811558,"PI5P, PP2A and IER3 Regulate PI3K/AKT Signaling",1,129,0.008870856828496768,0.34799365277237215,0.34799365277237215,1,7,5.179047055341817E-4,9606,Homo sapiens,"IRAK4","","R-HSA-2316434"
R-HSA-9007101,"Rab regulation of trafficking",1,129,0.008870856828496768,0.34799365277237215,0.34799365277237215,1,35,0.0025895235276709085,9606,Homo sapiens,"TBC1D15","","R-HSA-8854329"
R-HSA-373760,"L1CAM interactions",1,130,0.008939623160500619,0.3501615103417103,0.3501615103417103,1,54,0.003995264871263687,9606,Homo sapiens,"DLG4","","R-HSA-376134"
R-HSA-5173105,"O-linked glycosylation",1,132,0.009077155824508321,0.35447607325566,0.35447607325566,1,28,0.0020716188221367266,9606,Homo sapiens,"GALNT2","","R-HSA-913675"
R-HSA-449147,"Signaling by Interleukins",3,643,0.04421675147847614,0.35712615573786777,0.35712615573786777,13,493,0.03647528854690737,9606,Homo sapiens,"IRAK4;PTPN12","","R-HSA-446694;R-HSA-446692;R-HSA-450690;R-HSA-446862;R-HSA-446894;R-HSA-446701;R-HSA-446634;R-HSA-450827;R-HSA-446868;R-HSA-9008894;R-HSA-8948063;R-HSA-446684;R-HSA-446648"
R-HSA-2500257,"Resolution of Sister Chromatid Cohesion",1,134,0.009214688488516023,0.35876258280783224,0.35876258280783224,4,8,5.918910920390648E-4,9606,Homo sapiens,"MAD1L1","","R-HSA-2484822;R-HSA-1638803;R-HSA-2468287;R-HSA-1638821"
R-HSA-68875,"Mitotic Prophase",1,135,0.009283454820519874,0.3608953734127689,0.3608953734127689,2,34,0.0025155371411660255,9606,Homo sapiens,"RB1","","R-HSA-2288097;R-HSA-2172666"
R-HSA-199418,"Negative regulation of the PI3K/AKT network",1,137,0.009420987484527575,0.3651401373506167,0.3651401373506167,1,10,7.39863865048831E-4,9606,Homo sapiens,"IRAK4","","R-HSA-2316434"
R-HSA-199991,"Membrane Trafficking",3,665,0.04572961078256086,0.37714460895797086,0.37714460895797086,20,219,0.0162030186445694,9606,Homo sapiens,"GALNT2;SYT9;TBC1D15","","R-HSA-8868071;R-HSA-8863463;R-HSA-8868230;R-HSA-8849350;R-HSA-8849348;R-HSA-8867756;R-HSA-8868236;R-HSA-8868651;R-HSA-8867754;R-HSA-8849353;R-HSA-8868072;R-HSA-8868648;R-HSA-8868661;R-HSA-8868660;R-HSA-8868659;R-HSA-8868658;R-HSA-8869438;R-HSA-8871194;R-HSA-8871193;R-HSA-8854329"
R-HSA-8878166,"Transcriptional regulation by RUNX2",1,147,0.010108650804566084,0.385953320118295,0.385953320118295,5,84,0.006214856466410181,9606,Homo sapiens,"RB1","","R-HSA-8985627;R-HSA-8985485;R-HSA-8985644;R-HSA-8877922;R-HSA-8985460"
R-HSA-8856688,"Golgi-to-ER retrograde transport",1,148,0.010177417136569935,0.3879975142702392,0.3879975142702392,3,18,0.0013317549570878958,9606,Homo sapiens,"GALNT2","","R-HSA-8849350;R-HSA-8849348;R-HSA-8849353"
R-HSA-5663220,"RHO GTPases Activate Formins",1,149,0.010246183468573786,0.3900350445041546,0.3900350445041546,3,27,0.0019976324356318436,9606,Homo sapiens,"MAD1L1","","R-HSA-5666160;R-HSA-5666129;R-HSA-5666169"
R-HSA-69206,"G1/S Transition",1,150,0.010314949800577638,0.3920659320831774,0.3920659320831774,4,61,0.004513169576797869,9606,Homo sapiens,"RB1","","R-HSA-188386;R-HSA-188390;R-HSA-113643;R-HSA-113503"
R-HSA-166016,"Toll Like Receptor 4 (TLR4) Cascade",1,151,0.010383716132581489,0.39409019820405855,0.39409019820405855,11,95,0.007028706717963895,9606,Homo sapiens,"IRAK4","","R-HSA-937022;R-HSA-166082;R-HSA-166119;R-HSA-2262775;R-HSA-166362;R-HSA-166091;R-HSA-166363;R-HSA-2262777;R-HSA-166286;R-HSA-937059;R-HSA-166284"
R-HSA-9707564,"Cytoprotection by HMOX1",1,158,0.010865080456608445,0.40807642690437784,0.40807642690437784,1,37,0.0027374963006806747,9606,Homo sapiens,"NCOR2","","R-HSA-400143"
R-HSA-8856828,"Clathrin-mediated endocytosis",1,161,0.011071379452619998,0.41397329544699535,0.41397329544699535,16,35,0.0025895235276709085,9606,Homo sapiens,"SYT9","","R-HSA-8868071;R-HSA-8863463;R-HSA-8868230;R-HSA-8867756;R-HSA-8868236;R-HSA-8868651;R-HSA-8867754;R-HSA-8868072;R-HSA-8868648;R-HSA-8868661;R-HSA-8868660;R-HSA-8868659;R-HSA-8868658;R-HSA-8869438;R-HSA-8871194;R-HSA-8871193"
R-HSA-194315,"Signaling by Rho GTPases",3,709,0.048755329390730295,0.41682861148500217,0.41682861148500217,7,203,0.01501923646049127,9606,Homo sapiens,"TAOK3;DLG4;MAD1L1","","R-HSA-9013145;R-HSA-9018808;R-HSA-5666160;R-HSA-5666129;R-HSA-5666169;R-HSA-5671993;R-HSA-9014294"
R-HSA-9716542,"Signaling by Rho GTPases, Miro GTPases and RHOBTB3",3,725,0.04985559070279191,0.4310905867927749,0.4310905867927749,7,212,0.015685113939035218,9606,Homo sapiens,"TAOK3;DLG4;MAD1L1","","R-HSA-9013145;R-HSA-9018808;R-HSA-5666160;R-HSA-5666129;R-HSA-5666169;R-HSA-5671993;R-HSA-9014294"
R-HSA-9609507,"Protein localization",1,170,0.011690276440654656,0.4313208903598641,0.4313208903598641,12,53,0.0039212784847588045,9606,Homo sapiens,"PEX10","","R-HSA-8953946;R-HSA-9033499;R-HSA-9033514;R-HSA-9033485;R-HSA-9033533;R-HSA-9033516;R-HSA-8953917;R-HSA-9033505;R-HSA-9033235;R-HSA-9033236;R-HSA-9033527;R-HSA-9033238"
R-HSA-453279,"Mitotic G1 phase and G1/S transition",1,173,0.011896575436666208,0.43699089972717386,0.43699089972717386,7,99,0.007324652263983427,9606,Homo sapiens,"RB1","","R-HSA-188386;R-HSA-188390;R-HSA-9018017;R-HSA-69227;R-HSA-113643;R-HSA-113503;R-HSA-9659820"
R-HSA-1640170,"Cell Cycle",3,734,0.05047448769082657,0.4390640855553092,0.4390640855553092,39,449,0.033219887540692515,9606,Homo sapiens,"RB1;CROCC;MAD1L1","","R-HSA-2288097;R-HSA-375302;R-HSA-380294;R-HSA-2467809;R-HSA-2467811;R-HSA-1638803;R-HSA-380303;R-HSA-3000319;R-HSA-380311;R-HSA-9686980;R-HSA-380316;R-HSA-380508;R-HSA-2468287;R-HSA-2574845;R-HSA-8853405;R-HSA-2172666;R-HSA-3000310;R-HSA-188191;R-HSA-113503;R-HSA-2574840;R-HSA-188386;R-HSA-9648114;R-HSA-380455;R-HSA-141409;R-HSA-188390;R-HSA-9018017;R-HSA-69227;R-HSA-9686969;R-HSA-113643;R-HSA-141422;R-HSA-8853419;R-HSA-187948;R-HSA-2484822;R-HSA-141431;R-HSA-380272;R-HSA-1638821;R-HSA-141439;R-HSA-380283;R-HSA-9659820"
R-HSA-69242,"S Phase",1,180,0.012377939760693164,0.4500065213948625,0.4500065213948625,1,54,0.003995264871263687,9606,Homo sapiens,"RB1","","R-HSA-187948"
R-HSA-3108232,"SUMO E3 ligases SUMOylate target proteins",1,183,0.012584238756704717,0.45549402535433503,0.45549402535433503,1,131,0.009692216632139686,9606,Homo sapiens,"NCOR2","","R-HSA-3927886"
R-HSA-211897,"Cytochrome P450 - arranged by substrate type",1,184,0.012653005088708568,0.4573112520182565,0.4573112520182565,2,61,0.004513169576797869,9606,Homo sapiens,"AHRR","","R-HSA-76472;R-HSA-211951"
R-HSA-72163,"mRNA Splicing - Major Pathway",1,185,0.01272177142071242,0.45912253983188056,0.45912253983188056,7,9,6.658774785439479E-4,9606,Homo sapiens,"SNRPN","","R-HSA-72160;R-HSA-72130;R-HSA-156661;R-HSA-72139;R-HSA-72124;R-HSA-72143;R-HSA-72127"
R-HSA-168898,"Toll-like Receptor Cascades",1,188,0.012928070416723971,0.46452095984427433,0.46452095984427433,32,185,0.013687481503403374,9606,Homo sapiens,"IRAK4","","R-HSA-975118;R-HSA-166082;R-HSA-975180;R-HSA-975115;R-HSA-975878;R-HSA-975879;R-HSA-166091;R-HSA-975111;R-HSA-975874;R-HSA-975106;R-HSA-166286;R-HSA-975170;R-HSA-166284;R-HSA-975873;R-HSA-975134;R-HSA-2262775;R-HSA-166362;R-HSA-166363;R-HSA-975188;R-HSA-2262777;R-HSA-975125;R-HSA-975852;R-HSA-975853;R-HSA-166119;R-HSA-937059;R-HSA-937022;R-HSA-975100;R-HSA-975160;R-HSA-975865;R-HSA-975156;R-HSA-975861;R-HSA-975857"
R-HSA-9013149,"RAC1 GTPase cycle",1,191,0.013134369412735524,0.46986661054008816,0.46986661054008816,1,6,4.439183190292986E-4,9606,Homo sapiens,"TAOK3","","R-HSA-9013145"
R-HSA-2990846,"SUMOylation",1,192,0.013203135744739376,0.47163685500213626,0.47163685500213626,1,140,0.010358094110683634,9606,Homo sapiens,"NCOR2","","R-HSA-3927886"
R-HSA-2467813,"Separation of Sister Chromatids",1,195,0.013409434740750929,0.4769129312654379,0.4769129312654379,2,8,5.918910920390648E-4,9606,Homo sapiens,"MAD1L1","","R-HSA-2467809;R-HSA-2467811"
R-HSA-72172,"mRNA Splicing",1,196,0.01347820107275478,0.4786601325407246,0.4786601325407246,7,14,0.0010358094110683633,9606,Homo sapiens,"SNRPN","","R-HSA-72160;R-HSA-72130;R-HSA-156661;R-HSA-72139;R-HSA-72124;R-HSA-72143;R-HSA-72127"
R-HSA-2559583,"Cellular Senescence",1,200,0.013753266400770183,0.48559197261240805,0.48559197261240805,2,90,0.006658774785439479,9606,Homo sapiens,"RB1","","R-HSA-3209109;R-HSA-4647594"
R-HSA-5617833,"Cilium Assembly",1,208,0.01430339705680099,0.49918598756938515,0.49918598756938515,8,50,0.003699319325244155,9606,Homo sapiens,"CROCC","","R-HSA-5626228;R-HSA-5626227;R-HSA-5626220;R-HSA-5626223;R-HSA-5626681;R-HSA-5617816;R-HSA-5626699;R-HSA-5638009"
R-HSA-9711123,"Cellular response to chemical stress",1,208,0.01430339705680099,0.49918598756938515,0.49918598756938515,1,71,0.0052530334418467006,9606,Homo sapiens,"NCOR2","","R-HSA-400143"
R-HSA-9679506,"SARS-CoV Infections",1,209,0.014372163388804841,0.5008603076236141,0.5008603076236141,2,256,0.018940514945250075,9606,Homo sapiens,"RB1","","R-HSA-9694390;R-HSA-9682712"
R-HSA-69275,"G2/M Transition",1,212,0.014578462384816394,0.5058504499004999,0.5058504499004999,12,78,0.005770938147380882,9606,Homo sapiens,"CROCC","","R-HSA-3000319;R-HSA-380311;R-HSA-380455;R-HSA-380294;R-HSA-380272;R-HSA-2574845;R-HSA-8853405;R-HSA-380303;R-HSA-3000310;R-HSA-8853419;R-HSA-380283;R-HSA-2574840"
R-HSA-453274,"Mitotic G2-G2/M phases",1,214,0.014715995048824095,0.5091500381342375,0.5091500381342375,12,80,0.005918910920390648,9606,Homo sapiens,"CROCC","","R-HSA-3000319;R-HSA-380311;R-HSA-380455;R-HSA-380294;R-HSA-380272;R-HSA-2574845;R-HSA-8853405;R-HSA-380303;R-HSA-3000310;R-HSA-8853419;R-HSA-380283;R-HSA-2574840"
R-HSA-9609690,"HCMV Early Events",1,215,0.014784761380827946,0.5107917324643823,0.5107917324643823,1,12,8.878366380585972E-4,9606,Homo sapiens,"NCOR2","","R-HSA-9614816"
R-HSA-6811442,"Intra-Golgi and retrograde Golgi-to-ER traffic",1,218,0.0149910603768395,0.515684623631729,0.515684623631729,3,48,0.003551346552234389,9606,Homo sapiens,"GALNT2","","R-HSA-8849350;R-HSA-8849348;R-HSA-8849353"
R-HSA-5653656,"Vesicle-mediated transport",3,824,0.05666345757117315,0.5163444736194567,0.5163444736194567,20,252,0.01864456939923054,9606,Homo sapiens,"GALNT2;SYT9;TBC1D15","","R-HSA-8868071;R-HSA-8863463;R-HSA-8868230;R-HSA-8849350;R-HSA-8849348;R-HSA-8867756;R-HSA-8868236;R-HSA-8868651;R-HSA-8867754;R-HSA-8849353;R-HSA-8868072;R-HSA-8868648;R-HSA-8868661;R-HSA-8868660;R-HSA-8868659;R-HSA-8868658;R-HSA-8869438;R-HSA-8871194;R-HSA-8871193;R-HSA-8854329"
R-HSA-68882,"Mitotic Anaphase",1,249,0.017122816668958877,0.5635201862352729,0.5635201862352729,2,32,0.0023675643681562593,9606,Homo sapiens,"MAD1L1","","R-HSA-2467809;R-HSA-2467811"
R-HSA-2555396,"Mitotic Metaphase and Anaphase",1,250,0.01719158300096273,0.5649836033700644,0.5649836033700644,2,33,0.0024415507546611424,9606,Homo sapiens,"MAD1L1","","R-HSA-2467809;R-HSA-2467811"
R-HSA-72203,"Processing of Capped Intron-Containing Pre-mRNA",1,256,0.017604180992985833,0.5736637478476405,0.5736637478476405,7,32,0.0023675643681562593,9606,Homo sapiens,"SNRPN","","R-HSA-72160;R-HSA-72130;R-HSA-156661;R-HSA-72139;R-HSA-72124;R-HSA-72143;R-HSA-72127"
R-HSA-157118,"Signaling by NOTCH",1,258,0.017741713656993535,0.5765192649587181,0.5765192649587181,1,154,0.011393903521751998,9606,Homo sapiens,"NCOR2","","R-HSA-1912388"
R-HSA-8878171,"Transcriptional regulation by RUNX1",1,261,0.01794801265300509,0.5807674597472934,0.5807674597472934,1,132,0.00976620301864457,9606,Homo sapiens,"ARID1A","","R-HSA-8938217"
R-HSA-9609646,"HCMV Infection",1,270,0.01856690964103975,0.593263223165392,0.593263223165392,1,31,0.0022935779816513763,9606,Homo sapiens,"NCOR2","","R-HSA-9614816"
R-HSA-69620,"Cell Cycle Checkpoints",1,280,0.019254572961078256,0.6067198683454419,0.6067198683454419,4,56,0.004143237644273453,9606,Homo sapiens,"MAD1L1","","R-HSA-141409;R-HSA-141431;R-HSA-141422;R-HSA-141439"
R-HSA-9006934,"Signaling by Receptor Tyrosine Kinases",2,617,0.042428826846376014,0.6097757584575696,0.6097757584575696,6,744,0.05504587155963303,9606,Homo sapiens,"DLG4;PTPN12","","R-HSA-9612593;R-HSA-8864036;R-HSA-1963578;R-HSA-8934465;R-HSA-8864029;R-HSA-8863804"
R-HSA-211945,"Phase I - Functionalization of compounds",1,297,0.02042360060514372,0.6286024479933814,0.6286024479933814,4,98,0.007250665877478544,9606,Homo sapiens,"AHRR","","R-HSA-76472;R-HSA-8936851;R-HSA-211951;R-HSA-5692283"
R-HSA-5673001,"RAF/MAP kinase cascade",1,322,0.022142758905239996,0.6586327196798126,0.6586327196798126,1,75,0.005548978987866233,9606,Homo sapiens,"DLG4","","R-HSA-5672965"
R-HSA-5684996,"MAPK1/MAPK3 signaling",1,329,0.022624123229266952,0.6666061724911554,0.6666061724911554,1,82,0.006066883693400415,9606,Homo sapiens,"DLG4","","R-HSA-5672965"
R-HSA-1852241,"Organelle biogenesis and maintenance",1,336,0.023105487553293908,0.6743971771836177,0.6743971771836177,8,86,0.006362829239419947,9606,Homo sapiens,"CROCC","","R-HSA-5626228;R-HSA-5626227;R-HSA-5626220;R-HSA-5626223;R-HSA-5626681;R-HSA-5617816;R-HSA-5626699;R-HSA-5638009"
R-HSA-162582,"Signal Transduction",9,2993,0.2058176316875258,0.6787974136564758,0.6787974136564758,43,2445,0.18089671500443918,9606,Homo sapiens,"CASP9;NCOR2;GABBR1;TAOK3;DLG4;LEPR;IRAK4;PTPN12;MAD1L1","","R-HSA-2671850;R-HSA-9029517;R-HSA-749454;R-HSA-2672302;R-HSA-5666129;R-HSA-2671855;R-HSA-9024334;R-HSA-8934465;R-HSA-9024326;R-HSA-9013145;R-HSA-5672965;R-HSA-2671868;R-HSA-2186741;R-HSA-2671742;R-HSA-420688;R-HSA-2586559;R-HSA-1912388;R-HSA-8864029;R-HSA-2186747;R-HSA-749456;R-HSA-2586555;R-HSA-2586553;R-HSA-2671862;R-HSA-198621;R-HSA-9014294;R-HSA-9612593;R-HSA-8864036;R-HSA-5666160;R-HSA-1963578;R-HSA-2671872;R-HSA-2671873;R-HSA-2671747;R-HSA-173481;R-HSA-2671876;R-HSA-380073;R-HSA-5666169;R-HSA-5671993;R-HSA-2316434;R-HSA-9018808;R-HSA-2671839;R-HSA-9029566;R-HSA-8863804;R-HSA-2671829"
R-HSA-1280215,"Cytokine Signaling in Immune system",3,1092,0.0750928345482052,0.7090855128993351,0.7090855128993351,13,708,0.05238236164545724,9606,Homo sapiens,"IRAK4;PTPN12","","R-HSA-446694;R-HSA-446692;R-HSA-450690;R-HSA-446862;R-HSA-446894;R-HSA-446701;R-HSA-446634;R-HSA-450827;R-HSA-446868;R-HSA-9008894;R-HSA-8948063;R-HSA-446684;R-HSA-446648"
R-HSA-5683057,"MAPK family signaling cascades",1,380,0.026131206161463347,0.7194426907727884,0.7194426907727884,1,122,0.009026339153595738,9606,Homo sapiens,"DLG4","","R-HSA-5672965"
R-HSA-9006931,"Signaling by Nuclear Receptors",1,384,0.02640627148947875,0.7232211829156927,0.7232211829156927,4,192,0.014205386208937555,9606,Homo sapiens,"NCOR2","","R-HSA-9029517;R-HSA-9024334;R-HSA-9029566;R-HSA-9024326"
R-HSA-418594,"G alpha (i) signalling events",1,425,0.029225691101636638,0.7591885285182882,0.7591885285182882,3,74,0.005474992601361349,9606,Homo sapiens,"GABBR1","","R-HSA-749454;R-HSA-749456;R-HSA-380073"
R-HSA-9012999,"RHO GTPase cycle",1,460,0.03163251272177142,0.7862384527248057,0.7862384527248057,3,91,0.006732761171944362,9606,Homo sapiens,"TAOK3","","R-HSA-9013145;R-HSA-9018808;R-HSA-9014294"
R-HSA-1266738,"Developmental Biology",3,1262,0.08678311098885985,0.7982669326156198,0.7982669326156198,9,556,0.041136430896715,9606,Homo sapiens,"NCOR2;DLG4;PAX6","","R-HSA-376134;R-HSA-5617874;R-HSA-381309;R-HSA-211289;R-HSA-1183032;R-HSA-211272;R-HSA-5682794;R-HSA-5617896;R-HSA-381290"
R-HSA-6798695,"Neutrophil degranulation",1,480,0.03300783936184844,0.8003350848232529,0.8003350848232529,1,10,7.39863865048831E-4,9606,Homo sapiens,"PTPRN2","","R-HSA-6800426"
R-HSA-168249,"Innate Immune System",3,1334,0.09173428689313712,0.8287487352420808,0.8287487352420808,34,710,0.052530334418467,9606,Homo sapiens,"CASP9;PTPRN2;IRAK4","","R-HSA-975118;R-HSA-166082;R-HSA-975180;R-HSA-975115;R-HSA-975878;R-HSA-975879;R-HSA-166091;R-HSA-975111;R-HSA-975874;R-HSA-975106;R-HSA-166286;R-HSA-975170;R-HSA-6800426;R-HSA-166284;R-HSA-975873;R-HSA-975134;R-HSA-2262775;R-HSA-166362;R-HSA-166363;R-HSA-975188;R-HSA-2262777;R-HSA-975125;R-HSA-622420;R-HSA-975852;R-HSA-975853;R-HSA-166119;R-HSA-937059;R-HSA-937022;R-HSA-975100;R-HSA-975160;R-HSA-975865;R-HSA-975156;R-HSA-975861;R-HSA-975857"
R-HSA-2262752,"Cellular responses to stress",2,948,0.06519048273965067,0.8290238508045461,0.8290238508045461,3,381,0.02818881325836046,9606,Homo sapiens,"RB1;NCOR2","","R-HSA-3209109;R-HSA-400143;R-HSA-4647594"
R-HSA-8953897,"Cellular responses to stimuli",2,966,0.06642827671571998,0.8370467741082641,0.8370467741082641,3,412,0.030482391240011838,9606,Homo sapiens,"RB1;NCOR2","","R-HSA-3209109;R-HSA-400143;R-HSA-4647594"
R-HSA-211859,"Biological oxidations",1,545,0.03747765094209875,0.8401474862451234,0.8401474862451234,4,188,0.013909440662918023,9606,Homo sapiens,"AHRR","","R-HSA-76472;R-HSA-8936851;R-HSA-211951;R-HSA-5692283"
R-HSA-422475,"Axon guidance",1,584,0.04015953789024893,0.860184739325671,0.860184739325671,1,298,0.022047943178455164,9606,Homo sapiens,"DLG4","","R-HSA-376134"
R-HSA-500792,"GPCR ligand binding",1,606,0.04167239719433365,0.8703800429907865,0.8703800429907865,1,186,0.013761467889908258,9606,Homo sapiens,"GABBR1","","R-HSA-420688"
R-HSA-9675108,"Nervous system development",1,620,0.042635125842387565,0.8764850640186909,0.8764850640186909,1,324,0.023971589227582125,9606,Homo sapiens,"DLG4","","R-HSA-376134"
R-HSA-212436,"Generic Transcription Pathway",3,1555,0.10693164626598817,0.8993859672950048,0.8993859672950048,12,824,0.060964782480023676,9606,Homo sapiens,"RB1;NCOR2;ARID1A","","R-HSA-8938217;R-HSA-8985627;R-HSA-8986939;R-HSA-8985485;R-HSA-2186741;R-HSA-8985644;R-HSA-8877922;R-HSA-382096;R-HSA-2186747;R-HSA-173481;R-HSA-8985460;R-HSA-350058"
R-HSA-597592,"Post-translational protein modification",3,1598,0.10988859854215376,0.9097042654059678,0.9097042654059678,4,526,0.03891683930156851,9606,Homo sapiens,"NCOR2;GALNT2;PEX10","","R-HSA-8953946;R-HSA-8953917;R-HSA-3927886;R-HSA-913675"
R-HSA-1643685,"Disease",5,2423,0.16662082244533077,0.9199066145744248,0.9199066145744248,14,1631,0.12067179638946433,9606,Homo sapiens,"RB1;CASP9;NCOR2;IRAK4;PTPN12","","R-HSA-9687377;R-HSA-9634391;R-HSA-5602353;R-HSA-9694390;R-HSA-5602672;R-HSA-9682712;R-HSA-9614816;R-HSA-9660615;R-HSA-9659782;R-HSA-2399985;R-HSA-2220982;R-HSA-9005585;R-HSA-5602472;R-HSA-5602603"
R-HSA-73857,"RNA Polymerase II Transcription",3,1694,0.11649016641452345,0.9294470707726045,0.9294470707726045,12,885,0.06547795205682154,9606,Homo sapiens,"RB1;NCOR2;ARID1A","","R-HSA-8938217;R-HSA-8985627;R-HSA-8986939;R-HSA-8985485;R-HSA-2186741;R-HSA-8985644;R-HSA-8877922;R-HSA-382096;R-HSA-2186747;R-HSA-173481;R-HSA-8985460;R-HSA-350058"
R-HSA-8953854,"Metabolism of RNA",1,782,0.053775271627011414,0.9295751237695992,0.9295751237695992,7,187,0.01383545427641314,9606,Homo sapiens,"SNRPN","","R-HSA-72160;R-HSA-72130;R-HSA-156661;R-HSA-72139;R-HSA-72124;R-HSA-72143;R-HSA-72127"
R-HSA-388396,"GPCR downstream signalling",1,785,0.053981570623022966,0.9303083648039684,0.9303083648039684,3,168,0.012429712932820362,9606,Homo sapiens,"GABBR1","","R-HSA-749454;R-HSA-749456;R-HSA-380073"
R-HSA-5663205,"Infectious disease",2,1348,0.09269701554119103,0.9446315812644542,0.9446315812644542,3,752,0.05563776265167209,9606,Homo sapiens,"RB1;NCOR2","","R-HSA-9614816;R-HSA-9694390;R-HSA-9682712"
R-HSA-392499,"Metabolism of proteins",4,2205,0.15162976206849127,0.9461036903881687,0.9461036903881687,6,798,0.059041136430896715,9606,Homo sapiens,"NCOR2;GALNT2;PAX6;PEX10","","R-HSA-8953946;R-HSA-400500;R-HSA-381799;R-HSA-8953917;R-HSA-3927886;R-HSA-913675"
R-HSA-372790,"Signaling by GPCR",1,864,0.05941411085132719,0.9471401366264377,0.9471401366264377,4,354,0.02619118082272862,9606,Homo sapiens,"GABBR1","","R-HSA-749454;R-HSA-420688;R-HSA-749456;R-HSA-380073"
R-HSA-74160,"Gene expression (Transcription)",3,1855,0.12756154586714344,0.9540571120608995,0.9540571120608995,12,1000,0.0739863865048831,9606,Homo sapiens,"RB1;NCOR2;ARID1A","","R-HSA-8938217;R-HSA-8985627;R-HSA-8986939;R-HSA-8985485;R-HSA-2186741;R-HSA-8985644;R-HSA-8877922;R-HSA-382096;R-HSA-2186747;R-HSA-173481;R-HSA-8985460;R-HSA-350058"
R-HSA-168256,"Immune System",5,2681,0.1843625361023243,0.9561096609510071,0.9561096609510071,47,1623,0.12007990529742528,9606,Homo sapiens,"CASP9;PTPRN2;IRAK4;PTPN12","","R-HSA-975118;R-HSA-166082;R-HSA-975180;R-HSA-450690;R-HSA-975115;R-HSA-975878;R-HSA-446862;R-HSA-975879;R-HSA-166091;R-HSA-975111;R-HSA-975874;R-HSA-975106;R-HSA-166286;R-HSA-975170;R-HSA-450827;R-HSA-6800426;R-HSA-166284;R-HSA-975873;R-HSA-975134;R-HSA-446868;R-HSA-2262775;R-HSA-8948063;R-HSA-166362;R-HSA-166363;R-HSA-446684;R-HSA-975188;R-HSA-2262777;R-HSA-975125;R-HSA-622420;R-HSA-446694;R-HSA-975852;R-HSA-446692;R-HSA-975853;R-HSA-166119;R-HSA-446894;R-HSA-446701;R-HSA-446634;R-HSA-937059;R-HSA-937022;R-HSA-975100;R-HSA-975160;R-HSA-9008894;R-HSA-975865;R-HSA-975156;R-HSA-975861;R-HSA-446648;R-HSA-975857"
R-HSA-556833,"Metabolism of lipids",2,1437,0.09881721908953377,0.9575552390121658,0.9575552390121658,4,949,0.07021308079313407,9606,Homo sapiens,"NCOR2;AHRR","","R-HSA-400183;R-HSA-400143;R-HSA-1989764;R-HSA-1989765"
R-HSA-1430728,"Metabolism",2,3633,0.24982808416999036,0.999982710097649,0.999982710097649,8,2250,0.166469369635987,9606,Homo sapiens,"NCOR2;AHRR","","R-HSA-400183;R-HSA-76472;R-HSA-400143;R-HSA-1989764;R-HSA-8936851;R-HSA-1989765;R-HSA-211951;R-HSA-5692283"
